Mono path[0] = 'G:/SteamLibrary/steamapps/common/Paradise Lust 3/Paradise Lust3_Data/Managed'
Mono config path = 'G:/SteamLibrary/steamapps/common/Paradise Lust 3/MonoBleedingEdge/etc'
[Physics::Module] Initialized MultithreadedJobDispatcher with {0} workers.
Initialize engine version: 2021.3.45f2 (88f88f591b2e)
[Subsystems] Discovering subsystems at path G:/SteamLibrary/steamapps/common/Paradise Lust 3/Paradise Lust3_Data/UnitySubsystems
GfxDevice: creating device client; threaded=1; jobified=0
Direct3D:
    Version:  Direct3D 11.0 [level 11.1]
    Renderer: NVIDIA GeForce RTX 4060 (ID=0x2882)
    Vendor:   NVIDIA
    VRAM:     7957 MB
    Driver:   32.0.15.8180
Begin MonoManager ReloadAssembly
- Completed reload, in  0.334 seconds
<RI> Initializing input.
<RI> Input initialized.
<RI> Initialized touch support.
UnloadTime: 0.452500 ms
Odin Serializer ArchitectureInfo initialization with defaults (all unaligned read/writes disabled).
Odin Serializer detected whitelisted runtime platform WindowsPlayer and memory read test succeeded; enabling all unaligned memory read/writes.
Loading game. Version : 0.6.0b
The referenced script (paradise.ToolSet) on this Behaviour is missing!
The referenced script on this Behaviour (Game Object 'Tools') is missing!
Game starting : version 0.6.0b, platform: WindowsPlayer
System Locale : en-MY
Validating room: MainMenu
Validating room: resort
Playing animation location_exit_up then location_enter_up
Playing animation frontend_topleft_enter
Playing animation frontend_topright_enter
Playing animation frontend_topcenter_enter
Invalid animation frontend_topcenter_enter
Playing animation datetime_flip_down
Hiding Main Menu
Validating room: resort
Playing animation location_exit_up then location_enter_up
Playing animation open_handphone
Playing animation close_handphone
Playing animation open_handphone
Playing animation close_handphone
Validating room: MainMenu
Playing animation location_exit_up then location_enter_up
Validating room: resort
Playing animation location_exit_up then location_enter_up
Playing animation frontend_topleft_enter
Playing animation frontend_topright_enter
Playing animation frontend_topcenter_enter
Invalid animation frontend_topcenter_enter
Playing animation datetime_flip_down
Hiding Main Menu
Validating room: resort
Playing animation location_exit_up then location_enter_up
Validating room: Lobby
Playing animation location_exit_up then location_enter_up
Not deleting savegame
No valid conversation options. Here's what I tried: 
Conversation 001_OlgaActivity failed because Required flags Missing flag started_OlgaActivity missing
Conversation frontdesk_with_olga failed because Required flags Missing flag frontdesk_with_olga missing
Conversation clean_pool_with_olga failed because Required flags Missing flag clean_pool_with_olga missing
Conversation 013_OlgaTreehouse failed because Required flags Missing flag chunk_Treehouse_2 missing
Conversation 028_OlgaYogaSala failed because Required flags Missing flag chunk_YogaSala_1 missing
Conversation 029_OlgaYogaSala2 failed because Required flags Missing flag chunk_YogaSala_3 missing
Conversation 056_UpgradeHangar3 failed because Required flags Missing flag chunk_Hangar_2 missing
Conversation 061_UpgradeHangar failed because Required flags Missing flag chunk_Hangar_3 missing
Conversation 064_UpgradeHangar4 failed because Required flags Missing flag completed_MinaCoconut missing
Conversation 086_RecruitOlga failed because Required flags Missing flag chunk_RecruitOlga_1 missing
Conversation 089_InterviewOlga failed because Required flags Missing flag chunk_InterviewOlga_1 missing
Conversation 109_OlgaPromo failed because Required flags Missing flag chunk_OlgaPromo_1 missing
Conversation 126_OlgaPromo2 failed because Required flags Missing flag chunk_OlgaPromo_3 missing
Conversation 127_OlgaPromo3 failed because Required flags Missing flag chunk_OlgaPromo_4 missing
Conversation 128_OlgaPromo4 failed because Required flags Missing flag chunk_OlgaPromo_5 missing
Conversation 139_OlgaBoatSex failed because Required flags Missing flag chunk_FrankieBoat_4 missing
Conversation 154_OlgaLotionDelivery failed because Required flags Missing flag chunk_ReynaPrep_olga missing
Playing animation conversation_popin
Playing animation conversation_popout_full
Playing animation open_handphone
Playing animation close_handphone
Validating room: MainMenu
Playing animation location_exit_up then location_enter_up
Hiding Main Menu
Material InactiveSpankBankMat doesn't have _Stencil property
Material InactiveSpankBankMat doesn't have _Stencil property
Material InactiveSpankBankMat doesn't have _Stencil property
Material InactiveSpankBankMat doesn't have _Stencil property
Material InactiveSpankBankMat doesn't have _Stencil property
Material InactiveSpankBankMat doesn't have _Stencil property
Material InactiveSpankBankMat doesn't have _Stencil property
Material InactiveSpankBankMat doesn't have _Stencil property
Material InactiveSpankBankMat doesn't have _Stencil property
Material InactiveSpankBankMat doesn't have _Stencil property
Material InactiveSpankBankMat doesn't have _Stencil property
Material InactiveSpankBankMat doesn't have _Stencil property
Material InactiveSpankBankMat doesn't have _Stencil property
Material InactiveSpankBankMat doesn't have _Stencil property
Material InactiveSpankBankMat doesn't have _Stencil property
Material InactiveSpankBankMat doesn't have _Stencil property
Material InactiveSpankBankMat doesn't have _Stencil property
Material InactiveSpankBankMat doesn't have _Stencil property
Material InactiveSpankBankMat doesn't have _Stencil property
Material InactiveSpankBankMat doesn't have _Stencil property
Validating room: resort
Playing animation location_exit_up then location_enter_up
Playing animation frontend_topleft_enter
Playing animation frontend_topright_enter
Playing animation frontend_topcenter_enter
Invalid animation frontend_topcenter_enter
Playing animation datetime_flip_down
Hiding Main Menu
Validating room: resort
Playing animation location_exit_up then location_enter_up
Validating room: Lobby
Playing animation location_exit_up then location_enter_up
No valid conversation options. Here's what I tried: 
Conversation 001_OlgaActivity failed because Required flags Missing flag started_OlgaActivity missing
Conversation frontdesk_with_olga failed because Required flags Missing flag frontdesk_with_olga missing
Conversation clean_pool_with_olga failed because Required flags Missing flag clean_pool_with_olga missing
Conversation 013_OlgaTreehouse failed because Required flags Missing flag chunk_Treehouse_2 missing
Conversation 028_OlgaYogaSala failed because Required flags Missing flag chunk_YogaSala_1 missing
Conversation 029_OlgaYogaSala2 failed because Required flags Missing flag chunk_YogaSala_3 missing
Conversation 056_UpgradeHangar3 failed because Required flags Missing flag chunk_Hangar_2 missing
Conversation 061_UpgradeHangar failed because Required flags Missing flag chunk_Hangar_3 missing
Conversation 064_UpgradeHangar4 failed because Required flags Missing flag completed_MinaCoconut missing
Conversation 086_RecruitOlga failed because Required flags Missing flag chunk_RecruitOlga_1 missing
Conversation 089_InterviewOlga failed because Required flags Missing flag chunk_InterviewOlga_1 missing
Conversation 109_OlgaPromo failed because Required flags Missing flag chunk_OlgaPromo_1 missing
Conversation 126_OlgaPromo2 failed because Required flags Missing flag chunk_OlgaPromo_3 missing
Conversation 127_OlgaPromo3 failed because Required flags Missing flag chunk_OlgaPromo_4 missing
Conversation 128_OlgaPromo4 failed because Required flags Missing flag chunk_OlgaPromo_5 missing
Conversation 139_OlgaBoatSex failed because Required flags Missing flag chunk_FrankieBoat_4 missing
Conversation 154_OlgaLotionDelivery failed because Required flags Missing flag chunk_ReynaPrep_olga missing
Playing animation conversation_popin
Playing animation conversation_popout_full
Playing animation OpenQuestUI
Playing animation CloseQuestUI
Validating room: Hall
Playing animation location_exit_up then location_enter_up
Validating room: Pool
Playing animation location_exit_up then location_enter_up
Validating room: Quadplex
Playing animation location_exit_up then location_enter_up
Validating room: room33
Releasing room Resort (UnityEngine.GameObject)
Playing animation location_exit_up then location_enter_up
Validating room: Quadplex
Playing animation location_exit_up then location_enter_up
Starting conversation 003_ScarlettFlash with myself
Playing animation conversation_popin
Triggered event add=jack, 2
Playing Spine distracted_mouthNeutral
Playing Spine distracted_mouthNeutral
Playing Spine distracted_mouthNeutral
Playing Spine distracted_browFurrow
Playing Spine distracted_browFurrow
Playing Spine distracted_browRaised
Playing Spine distracted_browRaised
Playing Spine distracted_mouthNeutral
Playing Spine distracted_mouthNeutral
Playing Spine distracted_browRaised
Playing Spine distracted_browRaised
Playing Spine distracted_browFurrow
Playing Spine distracted_browFurrow
Playing Spine distracted_browFurrow
Playing Spine distracted_mouthNeutral
Playing Spine distracted_browRaised
Playing Spine distracted_browRaised
Playing Spine distracted_mouthNeutral
Playing Spine glare_mouthShout
Playing Spine rolleyes_lookCam
Playing Spine rolleyes_lookPhone
Playing Spine glare_browSkeptical
Playing Spine glare_browSkeptical
Playing Spine distracted_mouthNeutral
Playing Spine distracted_mouthNeutral
Playing Spine distracted_browFurrow
Playing Spine distracted_browFurrow
Playing Spine distracted_browRaised
Playing Spine rolleyes_lookPhone
Playing Spine rolleyes_lookPhone
Playing Spine glare_browSkeptical
Playing Spine glare_mouthShout
Playing Spine distracted_browFurrow
Playing Spine distracted_browFurrow
Playing Spine distracted_browRaised
Playing Spine distracted_browRaised
Playing Spine glare_mouthSmirk
Playing Spine glare_mouthSmirk
Playing Spine glare_mouthShout
Playing Spine glare_mouthShout
Playing Spine neutral_lookCam
Playing Spine neutral_lookCam
Playing Spine rolleyes_lookPhone
Playing Spine neutral_lookCam
Playing Spine neutral_lookCam
Playing Spine neutral_lookCam
Playing Spine neutral_lookCam
Playing Spine neutral_lookCam
Playing Spine neutral_lookCam
Playing Spine distracted_browFurrow
Playing Spine distracted_browFurrow
Playing Spine neutral_lookCam
Triggered event loseitem=flash_drive, 1
Playing Spine neutral_lookCam
Playing Spine neutral_lookPhone
Playing Spine neutral_lookPhone
Playing Spine distracted_browRaised
Playing Spine distracted_browRaised
Playing Spine distracted_browFurrow
Playing Spine distracted_browFurrow
Playing Spine distracted_browFurrow
Playing Spine glare_browSkeptical
Playing Spine glare_mouthShout
Playing Spine glare_browSkeptical
Playing Spine distracted_mouthNeutral
Playing Spine glare_mouthShout
Playing Spine rolleyes_lookCam
Playing Spine rolleyes_lookCam
Playing Spine rolleyes_lookCam
Playing Spine glare_browSkeptical
Playing Spine glare_browSkeptical
Playing Spine glare_mouthSmirk
Playing Spine distracted_browFurrow
Playing Spine distracted_browFurrow
Playing Spine distracted_mouthNeutral
Playing animation QuestNotification
Playing animation hide_during_notification
Invalid animation hide_during_notification
Triggered event triggerquest=scarlettflash_2
Triggered event triggerquest=ryokoemipool_1
Playing animation conversation_popout_full
Playing animation OpenQuestUI
Playing animation QuestNotification
Playing animation hide_during_notification
Invalid animation hide_during_notification
Playing animation CloseQuestUI
Validating room: Pool
Playing animation location_exit_up then location_enter_up
Starting conversation 004_RyokoEmiPool with myself
Playing animation conversation_popin
Triggered event add=jack, 1
Playing Spine ryoko+emi_glamshot_pool_1
Playing Spine ryoko+emi_glamshot_pool_1
Playing Spine ryoko+emi_glamshot_pool_1
Playing Spine ryoko+emi_glamshot_pool_1
Playing Spine ryoko+emi_glamshot_pool_1
Playing Spine ryoko+emi_glamshot_pool_2
Playing Spine ryoko+emi_glamshot_pool_2
Playing Spine ryoko+emi_glamshot_pool_2
Playing Spine ryoko+emi_glamshot_pool_2
Triggered event add=jack, 1
Triggered event add=ryoko, 3
Triggered event add=emi, 4
Triggered event add=jack, 2
Triggered event remove=ryoko
Triggered event remove=emi
Playing animation QuestNotification
Playing animation hide_during_notification
Invalid animation hide_during_notification
Triggered event triggerquest=ryokoemipool_2
Triggered event triggerquest=minabar_1
Playing animation QuestNotification
Playing animation hide_during_notification
Invalid animation hide_during_notification
Validating room: Map
Triggered event unlockmap
Playing animation conversation_popout_full
Playing animation notification
Playing animation OpenQuestUI
Playing animation CloseQuestUI
Validating room: map
Playing animation location_exit_up then location_enter_up
Validating room: Bar
Releasing room Lobby (UnityEngine.GameObject)
Playing animation location_exit_up then location_enter_up
Starting conversation 006_MinaBar with myself
Playing animation conversation_popin
Validating room: bar_closeup
The referenced script on this Behaviour (Game Object '0') is missing!
The referenced script on this Behaviour (Game Object '<null>') is missing!
The referenced script on this Behaviour (Game Object '0') is missing!
The referenced script on this Behaviour (Game Object '0') is missing!
Releasing room Hall (UnityEngine.GameObject)
Validating room: bar_closeup
Validating room: bar_closeup
Playing animation location_exit_up then location_enter_up
Triggered event add=grace, 1
Triggered event add=mina, 0
Triggered event add=andrea, 14
Triggered event add=jack, 4
Triggered event attach=andrea, itemhat
Triggered event setblackout=0
Triggered event add=jack, 13
Playing animation QuestNotification
Playing animation hide_during_notification
Invalid animation hide_during_notification
Triggered event triggerquest=treehouse_1
Validating room: Beach
Releasing room Room33 (UnityEngine.GameObject)
Validating room: Beach
Validating room: Beach
Playing animation location_exit_up then location_enter_up
Advancing time: Day 1 ( Evening)
Playing animation datetime_flip_up then datetime_flip_down
Triggered event advancetoevening
Triggered event add=jack, 2
Triggered event remove=mina
Triggered event remove=grace
Triggered event remove=andrea
Playing animation QuestNotification
Playing animation hide_during_notification
Invalid animation hide_during_notification
Triggered event triggerquest=minabar_2
Validating room: Floatplane
Releasing room Quadplex (UnityEngine.GameObject)
Validating room: Floatplane
Validating room: Floatplane
Playing animation location_exit_up then location_enter_up
Triggered event add=jack, 1
Triggered event add=olga, 2
Triggered event add=ryoko, 3
Triggered event add=emi, 4
Triggered event add=rachel, 0
Triggered event add=emi, 2
Triggered event add=ryoko,4
Triggered event add=olga, 3
Triggered event remove=emi
Triggered event add=emi,2
Triggered event add=emi, 3
Triggered event add=ryoko, 2
Triggered event add=olga, 4
Triggered event remove=ryoko
Triggered event add=ryoko,2
Validating room: Cove
Releasing room Pool (UnityEngine.GameObject)
Validating room: Cove
Validating room: Cove
Playing animation location_exit_up then location_enter_up
Triggered event sfx=plane_leaves
Playing Spine jack+olga_planeleave_night_1
Playing Spine jack+olga_planeleave_night_2
Triggered event add=jack, 1
Triggered event add=olga, 3
Triggered event remove=ryoko
Triggered event remove=emi
Triggered event remove=rachel
Advancing time: Day 1 ( Night)
Playing animation datetime_flip_up then datetime_flip_down
Triggered event advancetonight
Triggered event add=olga, 2
Triggered event remove=olga
Triggered event add=olga, 0
Triggered event remove=olga
Playing animation QuestNotification
Playing animation hide_during_notification
Invalid animation hide_during_notification
Triggered event triggerquest=torilaptop_1
Playing animation conversation_popout_full
Playing animation OpenQuestUI
Playing animation CloseQuestUI
Validating room: map
Playing animation location_exit_up then location_enter_up
Validating room: ResortBeach
Releasing room Bar (UnityEngine.GameObject)
Playing animation location_exit_up then location_enter_up
Validating room: Seahut2
Releasing room Bar_closeup (UnityEngine.GameObject)
Playing animation location_exit_up then location_enter_up
Starting conversation 007_ToriLaptop with myself
Playing animation conversation_popin
Triggered event add=jack, 1
Validating room: Laptop
Releasing room Beach (UnityEngine.GameObject)
Validating room: Laptop
Validating room: Laptop
Playing animation location_exit_up then location_enter_up
Triggered event remove=jack
Character Spine 9af0f4732951daa4686b7566259554ff destroyed
Character Spine 0a572aeb38a003548a7f485cf3e8e6ab destroyed
Character Spine 88fa60063a9139749a9a4d70a1207807 destroyed
Character Spine f7100cea036e9a7409f77e0f8ee7db3a destroyed
Character Spine 88fa60063a9139749a9a4d70a1207807 destroyed
Character Spine 0a572aeb38a003548a7f485cf3e8e6ab destroyed
Character Spine f7100cea036e9a7409f77e0f8ee7db3a destroyed
Character Spine 88fa60063a9139749a9a4d70a1207807 destroyed
Validating room: SeaHut2
Validating room: SeaHut2
Validating room: SeaHut2
Playing animation location_exit_up then location_enter_up
Playing animation QuestNotification
Playing animation hide_during_notification
Invalid animation hide_during_notification
Triggered event triggerquest=torilaptop_2
Triggered event add=jack, 1
Triggered event remove=tori
Character Spine f7100cea036e9a7409f77e0f8ee7db3a destroyed
Playing animation conversation_popout_full
Playing animation OpenQuestUI
Playing animation CloseQuestUI
Starting conversation BasicSleep with myself
Playing animation conversation_popin
Validating room: Seahut2
Triggered event clearfailsafe
Queuing conversation alone_dreams (BrightBit.Conversation)
Triggered event generatedreamflags
Triggered event advancetonight
Starting conversation alone_dreams with myself
Playing animation datetime_flip_up then datetime_flip_down
Triggered event advanceday
Validating room: Seahut2
Playing animation conversation_popout_full
Starting conversation hotfixes with myself
Playing animation conversation_popin
Triggered event attach=andrea, itemhat
Triggered event attach=gabby, itemhat
Triggered event attach=cath, itemhat
Starting conversation story_reminders with myself
Triggered event add=jack, 2
Triggered event sfx=phoneringloop
Triggered event stopsfx
Playing animation open_handphone
Triggered event message=scarlett_feature
Playing animation conversation_popout_full
Starting conversation 008_ScarlettFeature with myself
Playing animation conversation_popin
Triggered event add=jack, 2
Triggered event attach=cath, itemhat
Triggered event attach=gabby, itemhat
Triggered event closehp
Playing animation QuestNotification
Playing animation hide_during_notification
Invalid animation hide_during_notification
Triggered event triggerquest=minaactivity_1
Triggered event triggerquest=graceactivity_1
Triggered event activitytutorial
Triggered event triggerquest=olgaactivity_1
Triggered event triggerquest=jennactivity_1
Triggered event sfx=phoneringloop
Playing animation QuestNotification
Playing animation hide_during_notification
Invalid animation hide_during_notification
Triggered event stopsfx
Triggered event pipflip=cath, 3
Triggered event pipflip=gabby, 3
Character Spine Default destroyed
Triggered event pipflip=cath, 3
Character Spine default destroyed
Playing animation QuestNotification
Playing animation hide_during_notification
Invalid animation hide_during_notification
Triggered event pipflip=gabby, 3
Triggered event triggerquest=cathactivity_1
Character Spine Default destroyed
Triggered event pipflip=cath, 3
Character Spine default destroyed
Triggered event pipflip=gabby, 3
Character Spine Default destroyed
Triggered event removepip
Character Spine default destroyed
Triggered event triggerquest=cgship_1
Playing animation QuestNotification
Playing animation hide_during_notification
Invalid animation hide_during_notification
Playing animation conversation_popout_full
Playing animation QuestNotification
Playing animation hide_during_notification
Invalid animation hide_during_notification
Playing animation QuestNotification
Playing animation hide_during_notification
Invalid animation hide_during_notification
Playing animation OpenQuestUI
Playing animation CloseQuestUI
Validating room: map
Playing animation location_exit_up then location_enter_up
Validating room: ResortBeach
Playing animation location_exit_up then location_enter_up
Validating room: Dock
Releasing room Floatplane (UnityEngine.GameObject)
Playing animation location_exit_up then location_enter_up
Validating room: Cabin
Releasing room Cove (UnityEngine.GameObject)
Playing animation location_exit_up then location_enter_up
Starting conversation 009_CGShip with myself
Playing animation conversation_popin
Validating room: Cabin
Triggered event add=jack, 1
Triggered event add=cath, 3
Triggered event add=gabby, 4
Triggered event attach=cath, itemhat
Triggered event attach=gabby, itemhat
Triggered event triggerquest=cathactivity_1
Triggered event sketchtutorial
Playing animation QuestNotification
Playing animation hide_during_notification
Invalid animation hide_during_notification
Triggered event triggerquest=cgship_2
Triggered event triggerquest=sketchcath_1
Triggered event setpromosenabled
Playing animation conversation_popout_full
Can't click through because of GenericPopup
Starting conversation 010_SketchCath with myself
Playing animation conversation_popin
Triggered event add=jack, 1
Triggered event add=cath, 3
Triggered event add=gabby, 4
Playing animation QuestNotification
Playing animation hide_during_notification
Invalid animation hide_during_notification
Trying to load minigame: color_cath
Triggered event startmg=color_cath
Successfully loaded minigame: color_cath
Validating room: Minigames
Playing animation location_exit_up then location_enter_up
Playing animation conversation_popout_full
Starting conversation 010a_MidSketchCath with myself
Playing animation conversation_popin
Playing animation conversation_popout_full
Playing animation minigame_complete
Playing animation frontend_topleft_enter
Playing animation frontend_topright_enter
Playing animation frontend_topcenter_enter
Invalid animation frontend_topcenter_enter
Playing animation datetime_flip_down
Validating room: Cabin
Playing animation location_exit_up then location_enter_up
Starting conversation 011_SketchedCath with myself
Playing animation conversation_popin
Triggered event unlockwallpaper=cath_pinup
Triggered event add=jack, 1
Triggered event add=cath, 3
Triggered event add=gabby, 4
Advancing time: Day 2 ( Day)
Playing animation datetime_flip_up then datetime_flip_down
Triggered event advancetime
Playing animation QuestNotification
Playing animation hide_during_notification
Invalid animation hide_during_notification
Triggered event triggerquest=sketchcath_2
Playing animation notification
Triggered event add=cath, 2
Triggered event remove=cath
Triggered event add=cath,2
Triggered event add=cath,3
Triggered event remove=cath, gabby
Triggered event setpainting=cath, cath_painting
Playing animation conversation_popout_full
Playing animation conversation_popin
Playing animation conversation_popout_full
Playing animation OpenQuestUI
Playing animation CloseQuestUI
Validating room: map
Playing animation location_exit_up then location_enter_up
Validating room: CaveMouth
Releasing room Laptop (UnityEngine.GameObject)
Playing animation location_exit_up then location_enter_up
Validating room: Passage
Releasing room SeaHut2 (UnityEngine.GameObject)
Playing animation location_exit_up then location_enter_up
Validating room: Ropeways
Releasing room ResortBeach (UnityEngine.GameObject)
Playing animation location_exit_up then location_enter_up
Starting conversation 012_TreehouseStart with myself
Playing animation conversation_popin
Triggered event sfx=bark
Triggered event sfxdelayed=bark, 0.3
Triggered event sfxdelayed=bark, 0.6
Triggered event add=jack, 1
Triggered event add=dog, 3
Triggered event sfx=bark
Triggered event sfxdelayed=bark, 0.3
Validating room: TreehouseA_old
Releasing room Dock (UnityEngine.GameObject)
Validating room: TreehouseA_old
Validating room: TreehouseA_old
Playing animation location_exit_up then location_enter_up
Triggered event add=jack, 1
Triggered event add=dog, 0
Triggered event sfx=bark
Triggered event pipflip=karen, 2
Triggered event sfx=vomit_1
Triggered event removepip
Playing animation QuestNotification
Playing animation hide_during_notification
Invalid animation hide_during_notification
Triggered event triggerquest=treehouse_2
Character Spine default destroyed
Triggered event sfx=bark
Triggered event sfxdelayed=bark, 0.3
Triggered event addpan=dog, 1000
Playing animation conversation_popout_full
Playing animation OpenQuestUI
Playing animation CloseQuestUI
Validating room: map
Playing animation location_exit_up then location_enter_up
Validating room: Resort
Releasing room Cabin (UnityEngine.GameObject)
Playing animation location_exit_up then location_enter_up
Validating room: Lobby
Releasing room CaveMouth (UnityEngine.GameObject)
Playing animation location_exit_up then location_enter_up
Playing animation conversation_popin
Starting conversation 013_OlgaTreehouse with myself
Playing animation conversation_popin
Triggered event add=olga, 1
Triggered event add=jack, 3
Triggered event sfx=rachel_phone
Triggered event stopsfx
Playing animation QuestNotification
Playing animation hide_during_notification
Invalid animation hide_during_notification
Triggered event triggerquest=treehouse_3
Playing animation conversation_popout_full
Validating room: map
Playing animation location_exit_up then location_enter_up
Playing animation OpenQuestUI
Playing animation CloseQuestUI
Validating room: Lagoon
Releasing room Passage (UnityEngine.GameObject)
Playing animation location_exit_up then location_enter_up
Validating room: TowerPath
Releasing room Ropeways (UnityEngine.GameObject)
Playing animation location_exit_up then location_enter_up
Validating room: RadioTower
Releasing room treehouseA_old (UnityEngine.GameObject)
Playing animation location_exit_up then location_enter_up
Validating room: TowerPath
Playing animation location_exit_up then location_enter_up
Validating room: Gym
Releasing room Resort (UnityEngine.GameObject)
Playing animation location_exit_up then location_enter_up
Playing animation conversation_popin
Starting conversation 001_GymGrace with myself
Playing animation conversation_popin
Triggered event add=jack, 1
Triggered event add=grace, 3
Playing animation QuestNotification
Playing animation hide_during_notification
Invalid animation hide_during_notification
Triggered event triggerquest=graceactivity_2
Playing animation conversation_popout_full
Playing animation notification
Playing animation OpenQuestUI
Playing animation CloseQuestUI
Playing animation conversation_popin
Starting conversation gym_with_grace with myself
Playing animation conversation_popin
Triggered event add=jack, 1
Triggered event add=grace, 3
Validating room: Gym
Playing Spine jack_grace_gym
Playing Spine jack_grace_gym
Playing Spine jack_grace_gym
Triggered event cash=50
Playing Spine jack_grace_gym
Advancing time: Day 2 ( Evening)
Playing animation datetime_flip_up then datetime_flip_down
Triggered event advancetime
Playing animation QuestNotification
Playing animation hide_during_notification
Invalid animation hide_during_notification
Triggered event triggerquest=graceactivity_3
Triggered event add=grace, 2
Triggered event remove=grace
Triggered event add=grace, 2
Playing animation conversation_popout_full
Not deleting savegame
Playing animation OpenQuestUI
Playing animation CloseQuestUI
Validating room: map
Playing animation location_exit_up then location_enter_up
Validating room: Resort
Releasing room Lobby (UnityEngine.GameObject)
Playing animation location_exit_up then location_enter_up
Validating room: Lobby
Releasing room Lagoon (UnityEngine.GameObject)
Playing animation location_exit_up then location_enter_up
Playing animation conversation_popin
Starting conversation 001_OlgaActivity with myself
Playing animation conversation_popin
Triggered event add=olga, 1
Triggered event add=jack, 3
Playing animation QuestNotification
Playing animation hide_during_notification
Invalid animation hide_during_notification
Triggered event triggerquest=olgadesk_1
Triggered event triggerquest=olgapool_1
Triggered event triggerquest=olgaactivity_2
Playing animation conversation_popout_full
Playing animation OpenQuestUI
Playing animation QuestNotification
Playing animation hide_during_notification
Invalid animation hide_during_notification
Playing animation CloseQuestUI
Playing animation conversation_popin
Starting conversation frontdesk_with_olga with myself
Playing animation conversation_popin
Triggered event add=olga, 1
Triggered event add=jack, 3
Playing animation QuestNotification
Playing animation hide_during_notification
Invalid animation hide_during_notification
Playing Spine olga_frontdesk_night
Playing Spine olga_frontdesk_night
Playing Spine olga_frontdesk_night
Triggered event cash=75
Playing Spine olga_frontdesk_night
Advancing time: Day 2 ( Night)
Playing animation datetime_flip_up then datetime_flip_down
Triggered event advancetime
Playing animation QuestNotification
Playing animation hide_during_notification
Invalid animation hide_during_notification
Triggered event triggerquest=olgadesk_2
Triggered event add=jack,2
Triggered event remove=olga
Triggered event add=jack,2
Triggered event add=olga, 1
Playing animation conversation_popout_full
Playing animation OpenQuestUI
Playing animation CloseQuestUI
Validating room: Basement
Releasing room RadioTower (UnityEngine.GameObject)
Playing animation location_exit_up then location_enter_up
Validating room: Kitchen
Releasing room TowerPath (UnityEngine.GameObject)
Playing animation location_exit_up then location_enter_up
Playing animation OpenQuestUI
Playing animation CloseQuestUI
Validating room: map
Playing animation location_exit_up then location_enter_up
Validating room: ResortBeach
Releasing room Gym (UnityEngine.GameObject)
Playing animation location_exit_up then location_enter_up
Validating room: Seahut2
Releasing room Resort (UnityEngine.GameObject)
Playing animation location_exit_up then location_enter_up
Starting conversation BasicSleep with myself
Playing animation conversation_popin
Validating room: Seahut2
Triggered event clearfailsafe
Queuing conversation alone_dreams (BrightBit.Conversation)
Triggered event generatedreamflags
Triggered event advancetonight
Starting conversation alone_dreams with myself
Playing animation datetime_flip_up then datetime_flip_down
Triggered event advanceday
Validating room: Seahut2
Playing animation conversation_popout_full
Starting conversation hotfixes with myself
Playing animation conversation_popin
Playing animation conversation_popout_full
Playing animation OpenQuestUI
Playing animation CloseQuestUI
Validating room: map
Playing animation location_exit_up then location_enter_up
Validating room: Resort
Releasing room Lobby (UnityEngine.GameObject)
Playing animation location_exit_up then location_enter_up
Validating room: Lobby
Releasing room Basement (UnityEngine.GameObject)
Playing animation location_exit_up then location_enter_up
Starting conversation clean_pool_with_olga with myself
Triggered event add=jack, 3
Triggered event add=olga, 1
Validating room: Pool
Releasing room Kitchen (UnityEngine.GameObject)
Validating room: Pool
Validating room: Pool
Playing animation location_exit_up then location_enter_up
Playing Spine jack+olga_poolcleaning
Playing Spine jack+olga_poolcleaning
Playing Spine jack+olga_poolcleaning
Triggered event cash=25
Playing Spine jack+olga_poolcleaning
Advancing time: Day 3 ( Day)
Playing animation datetime_flip_up then datetime_flip_down
Triggered event advancetime
Triggered event add=jack, 1
Triggered event add=olga, 3
Playing animation QuestNotification
Playing animation hide_during_notification
Invalid animation hide_during_notification
Triggered event triggerquest=olgapool_2
Triggered event add=olga,2
Triggered event remove=olga
Triggered event add=olga,2
Playing animation conversation_popout_full
Playing animation OpenQuestUI
Playing animation CloseQuestUI
Validating room: map
Playing animation location_exit_up then location_enter_up
Validating room: ResortBeach
Playing animation location_exit_up then location_enter_up
Validating room: Cabin
Releasing room SeaHut2 (UnityEngine.GameObject)
Playing animation location_exit_up then location_enter_up
Playing animation conversation_popout_full
Playing animation OpenQuestUI
Playing animation CloseQuestUI
Starting conversation cruise_with_cath with myself
Triggered event add=jack, 1
Triggered event add=cath, 3
Queuing conversation cruise_with_cg (BrightBit.Conversation)
Triggered event queueconversation=cruise_with_cg
Starting conversation cruise_with_cg with myself
Playing Spine cath_gabby_boat
Validating room: Dock
Releasing room Resort (UnityEngine.GameObject)
Validating room: Dock
Validating room: Dock
Playing animation location_exit_up then location_enter_up
Playing Spine cath_gabby_boat
Playing Spine cath_gabby_boat
Playing Spine cath_gabby_boat
Triggered event cash=75
Playing Spine cath_gabby_boat
Advancing time: Day 3 ( Evening)
Playing animation datetime_flip_up then datetime_flip_down
Triggered event advancetime
Triggered event add=jack, 1
Triggered event add=cath, 3
Triggered event add=gabby, 4
Playing animation QuestNotification
Playing animation hide_during_notification
Invalid animation hide_during_notification
Triggered event triggerquest=cathactivity_2
Triggered event add=cath, 2
Triggered event remove=cath
Triggered event add=cath, 3
Triggered event add=gabby, 2
Triggered event remove=gabby
Triggered event add=gabby, 2
Playing animation conversation_popout_full
Playing animation OpenQuestUI
Playing animation CloseQuestUI
Validating room: map
Playing animation location_exit_up then location_enter_up
Validating room: Resort
Releasing room Lobby (UnityEngine.GameObject)
Playing animation location_exit_up then location_enter_up
Validating room: Lobby
Releasing room Pool (UnityEngine.GameObject)
Playing animation location_exit_up then location_enter_up
Validating room: Basement
Releasing room ResortBeach (UnityEngine.GameObject)
Playing animation location_exit_up then location_enter_up
Validating room: Kitchen
Releasing room Cabin (UnityEngine.GameObject)
Playing animation location_exit_up then location_enter_up
Validating room: Basement
Playing animation location_exit_up then location_enter_up
Playing animation OpenQuestUI
Playing animation CloseQuestUI
Starting conversation lock_storage with myself
Playing animation conversation_popout_full
Validating room: Generator
Releasing room Dock (UnityEngine.GameObject)
Playing animation location_exit_up then location_enter_up
Validating room: Basement
Playing animation location_exit_up then location_enter_up
Validating room: Lobby
Playing animation location_exit_up then location_enter_up
Playing animation OpenQuestUI
Playing animation CloseQuestUI
Validating room: balcony
Releasing room Resort (UnityEngine.GameObject)
Playing animation location_exit_up then location_enter_up
Validating room: Lounge
Releasing room Kitchen (UnityEngine.GameObject)
Playing animation location_exit_up then location_enter_up
Validating room: Balcony
Playing animation location_exit_up then location_enter_up
Validating room: map
Playing animation location_exit_up then location_enter_up
Validating room: Bar
Releasing room Generator (UnityEngine.GameObject)
Playing animation location_exit_up then location_enter_up
Starting conversation 001_MinaActivity with myself
Triggered event add=jack, 1
Triggered event add=mina, 3
Triggered event pipflipsilhouette=2
Triggered event removepip
Triggered event pipflip=karen, 2
Triggered event removepip
Character Spine default destroyed
Playing animation QuestNotification
Playing animation hide_during_notification
Invalid animation hide_during_notification
Triggered event triggerquest=minaactivity_2
Triggered event advancetime
Playing animation conversation_popout_full
Advancing time: Day 3 ( Night)
Playing animation datetime_flip_up then datetime_flip_down
Playing animation open_handphone
Playing animation close_handphone
Playing animation OpenQuestUI
Playing animation CloseQuestUI
Playing animation OpenQuestUI
Playing animation CloseQuestUI
Validating room: Seahut2
Releasing room Basement (UnityEngine.GameObject)
Playing animation location_exit_up then location_enter_up
Starting conversation BasicSleep with myself
Validating room: Seahut2
Triggered event clearfailsafe
Queuing conversation alone_dreams (BrightBit.Conversation)
Triggered event generatedreamflags
Triggered event advancetonight
Starting conversation alone_dreams with myself
Playing animation datetime_flip_up then datetime_flip_down
Triggered event advanceday
Validating room: Seahut2
Playing animation conversation_popout_full
Starting conversation hotfixes with myself
Starting conversation story_reminders with myself
Triggered event add=jack, 2
Triggered event sfx=phoneringloop
Triggered event stopsfx
Playing animation open_handphone
Triggered event message=mina_activity
Playing animation conversation_popout_full
Starting conversation 002_MinaActivity2 with myself
Triggered event closehp
Triggered event add=jack, 2
Playing animation QuestNotification
Playing animation hide_during_notification
Invalid animation hide_during_notification
Triggered event triggerquest=minaactivity_3
Playing animation conversation_popout_full
Validating room: map
Playing animation location_exit_up then location_enter_up
Validating room: Beach
Releasing room Lobby (UnityEngine.GameObject)
Playing animation location_exit_up then location_enter_up
Validating room: Bar
Playing animation location_exit_up then location_enter_up
Validating room: Backroom
Releasing room Lounge (UnityEngine.GameObject)
Playing animation location_exit_up then location_enter_up
No valid conversation options. Here's what I tried: 
Conversation 001_MinaActivity failed because Required flags Missing flag chunk_MinaActivity_1 missing
Conversation 002a_MinaActivity failed because Required flags Missing flag chunk_MinaActivity_2 missing
Conversation 051_MinaOil3 failed because Required flags Missing flag chunk_MinaOil_3 missing
Conversation bar_with_mina failed because unknown error
Conversation 063_MinaCoconut2 failed because Required flags Missing flag chunk_MinaCoconut_2 missing
Conversation 079_RecruitMina failed because Required flags Missing flag chunk_RecruitMLM_3 missing
Playing animation conversation_popout_full
No valid conversation options. Here's what I tried: 
Conversation 001_MinaActivity failed because Required flags Missing flag chunk_MinaActivity_1 missing
Conversation 002a_MinaActivity failed because Required flags Missing flag chunk_MinaActivity_2 missing
Conversation 051_MinaOil3 failed because Required flags Missing flag chunk_MinaOil_3 missing
Conversation bar_with_mina failed because unknown error
Conversation 063_MinaCoconut2 failed because Required flags Missing flag chunk_MinaCoconut_2 missing
Conversation 079_RecruitMina failed because Required flags Missing flag chunk_RecruitMLM_3 missing
Playing animation conversation_popout_full
Playing animation OpenQuestUI
Playing animation CloseQuestUI
Validating room: map
Playing animation location_exit_up then location_enter_up
Validating room: Resort
Releasing room Balcony (UnityEngine.GameObject)
Playing animation location_exit_up then location_enter_up
Validating room: Lobby
Releasing room SeaHut2 (UnityEngine.GameObject)
Playing animation location_exit_up then location_enter_up
Validating room: Basement
Releasing room Beach (UnityEngine.GameObject)
Playing animation location_exit_up then location_enter_up
Validating room: Kitchen
Releasing room Bar (UnityEngine.GameObject)
Playing animation location_exit_up then location_enter_up
Starting conversation 001_JennActivity with myself
Triggered event add=jack, 1
Triggered event add=jenn, 3
Playing animation QuestNotification
Playing animation hide_during_notification
Invalid animation hide_during_notification
Triggered event triggerquest=jennkitchen_1
Triggered event triggerquest=jennrestaurant_1
Triggered event triggerquest=jennactivity_2
Playing animation conversation_popout_full
Playing animation OpenQuestUI
Playing animation QuestNotification
Playing animation hide_during_notification
Invalid animation hide_during_notification
Playing animation CloseQuestUI
Starting conversation serve_with_jenn with myself
Triggered event add=jack, 1
Triggered event add=jenn, 3
Playing animation QuestNotification
Playing animation hide_during_notification
Invalid animation hide_during_notification
Validating room: Restaurant
Releasing room Backroom (UnityEngine.GameObject)
Validating room: Restaurant
Validating room: Restaurant
Playing animation location_exit_up then location_enter_up
Playing Spine jack_jenn_restaurant
Playing Spine jack_jenn_restaurant
Triggered event cash=75
Playing Spine jack_jenn_restaurant
Advancing time: Day 4 ( Day)
Playing animation datetime_flip_up then datetime_flip_down
Triggered event advancetime
Triggered event triggerquest=jennrestaurant_2
Playing animation QuestNotification
Playing animation hide_during_notification
Invalid animation hide_during_notification
Triggered event add=jenn, 2
Triggered event remove=jenn
Triggered event add=jenn,2
Playing animation conversation_popout_full
Starting conversation kitchen_with_jenn with myself
Triggered event add=jack, 1
Triggered event add=jenn, 3
Validating room: Kitchen
Validating room: Kitchen
Validating room: Kitchen
Playing animation location_exit_up then location_enter_up
Triggered event sfx=chop
Playing Spine jack_jenn_kitchen
Playing Spine jack_jenn_kitchen
Playing Spine jack_jenn_kitchen
Playing Spine jack_jenn_kitchen
Playing Spine jack_jenn_kitchen
Triggered event cash=25
Playing Spine jack_jenn_kitchen
Advancing time: Day 4 ( Evening)
Playing animation datetime_flip_up then datetime_flip_down
Triggered event advancetime
Playing animation QuestNotification
Playing animation hide_during_notification
Invalid animation hide_during_notification
Triggered event triggerquest=jennkitchen_2
Triggered event add=jenn,2
Triggered event remove=jenn
Triggered event add=jenn,2
Playing animation conversation_popout_full
Playing animation OpenQuestUI
Playing animation CloseQuestUI
Validating room: map
Playing animation location_exit_up then location_enter_up
Validating room: ResortBeach
Releasing room Resort (UnityEngine.GameObject)
Playing animation location_exit_up then location_enter_up
Validating room: Seahut2
Releasing room Lobby (UnityEngine.GameObject)
Playing animation location_exit_up then location_enter_up
Starting conversation BasicSleep with myself
Playing animation conversation_popout_full
Advancing time: Day 4 ( Night)
Playing animation datetime_flip_up then datetime_flip_down
Starting conversation BasicSleep with myself
Validating room: Seahut2
Triggered event clearfailsafe
Queuing conversation alone_dreams (BrightBit.Conversation)
Triggered event generatedreamflags
Triggered event advancetonight
Starting conversation alone_dreams with myself
Playing animation datetime_flip_up then datetime_flip_down
Triggered event advanceday
Validating room: Seahut2
Playing animation conversation_popout_full
Starting conversation hotfixes with myself
Playing animation conversation_popout_full
Playing animation OpenQuestUI
Playing animation CloseQuestUI
Validating room: map
Playing animation location_exit_up then location_enter_up
Validating room: Lagoon
Releasing room Basement (UnityEngine.GameObject)
Playing animation location_exit_up then location_enter_up
Validating room: TowerPath
Releasing room Restaurant (UnityEngine.GameObject)
Playing animation location_exit_up then location_enter_up
Validating room: Lagoon
Playing animation location_exit_up then location_enter_up
Validating room: Riverside
Releasing room Kitchen (UnityEngine.GameObject)
Playing animation location_exit_up then location_enter_up
Validating room: map
Playing animation location_exit_up then location_enter_up
Validating room: Ravine
Releasing room ResortBeach (UnityEngine.GameObject)
Playing animation location_exit_up then location_enter_up
Validating room: Overlook
Releasing room SeaHut2 (UnityEngine.GameObject)
Playing animation location_exit_up then location_enter_up
Validating room: Ravine
Playing animation location_exit_up then location_enter_up
Validating room: SplitPaths
Releasing room TowerPath (UnityEngine.GameObject)
Playing animation location_exit_up then location_enter_up
Validating room: Garden
Releasing room Lagoon (UnityEngine.GameObject)
Playing animation location_exit_up then location_enter_up
Validating room: SplitPaths
Playing animation location_exit_up then location_enter_up
Validating room: Bungalows
Releasing room Riverside (UnityEngine.GameObject)
Playing animation location_exit_up then location_enter_up
Validating room: Vista
Releasing room Overlook (UnityEngine.GameObject)
Playing animation location_exit_up then location_enter_up
Validating room: Bungalows
Playing animation location_exit_up then location_enter_up
Validating room: Sunbeach
Releasing room Ravine (UnityEngine.GameObject)
Playing animation location_exit_up then location_enter_up
Playing animation notification
Validating room: Bungalows
Playing animation location_exit_up then location_enter_up
Validating room: map
Playing animation location_exit_up then location_enter_up
Validating room: Quadplex
Releasing room Garden (UnityEngine.GameObject)
Playing animation location_exit_up then location_enter_up
Validating room: room30
Releasing room SplitPaths (UnityEngine.GameObject)
Playing animation location_exit_up then location_enter_up
Validating room: map
Playing animation location_exit_up then location_enter_up
Validating room: Gorge
Releasing room Vista (UnityEngine.GameObject)
Playing animation location_exit_up then location_enter_up
Validating room: HiddenLake
Releasing room Sunbeach (UnityEngine.GameObject)
Playing animation location_exit_up then location_enter_up
Starting conversation inspect_beehive with myself
Playing animation conversation_popout_full
Validating room: Gorge
Playing animation location_exit_up then location_enter_up
Validating room: Cliff
Releasing room Bungalows (UnityEngine.GameObject)
Playing animation location_exit_up then location_enter_up
Starting conversation inspect_bunker with myself
Playing animation conversation_popout_full
Validating room: map
Playing animation location_exit_up then location_enter_up
Playing animation OpenQuestUI
Playing animation CloseQuestUI
Validating room: Backroom
Releasing room Quadplex (UnityEngine.GameObject)
Playing animation location_exit_up then location_enter_up
No valid conversation options. Here's what I tried: 
Conversation 001_MinaActivity failed because Required flags Missing flag chunk_MinaActivity_1 missing
Conversation 002a_MinaActivity failed because Required flags Missing flag chunk_MinaActivity_2 missing
Conversation 051_MinaOil3 failed because Required flags Missing flag chunk_MinaOil_3 missing
Conversation bar_with_mina failed because unknown error
Conversation 063_MinaCoconut2 failed because Required flags Missing flag chunk_MinaCoconut_2 missing
Conversation 079_RecruitMina failed because Required flags Missing flag chunk_RecruitMLM_3 missing
Playing animation conversation_popout_full
Validating room: map
Playing animation location_exit_up then location_enter_up
Validating room: Airfield
Releasing room Room30 (UnityEngine.GameObject)
Playing animation location_exit_up then location_enter_up
Validating room: Hangar
Releasing room HiddenLake (UnityEngine.GameObject)
Playing animation location_exit_up then location_enter_up
No valid conversation options. Here's what I tried: 
Conversation 078_RecruitLuana failed because Required flags Missing flag chunk_RecruitMLM_2 missing
Conversation 117_LuanaPromo failed because Required flags Missing flag chunk_LuanaPromo_1 missing
Conversation 158_LuanaVenue failed because Required flags Missing flag chunk_BuildPole_1 missing
Playing animation conversation_popout_full
Validating room: LuanaRoom
Releasing room Gorge (UnityEngine.GameObject)
Playing animation location_exit_up then location_enter_up
Validating room: map
Playing animation location_exit_up then location_enter_up
Playing animation OpenQuestUI
Playing animation CloseQuestUI
Validating room: Resort
Releasing room Cliff (UnityEngine.GameObject)
Playing animation location_exit_up then location_enter_up
Validating room: ResortBeach
Releasing room Backroom (UnityEngine.GameObject)
Playing animation location_exit_up then location_enter_up
Validating room: Resort
Playing animation location_exit_up then location_enter_up
Validating room: bamboopath
Releasing room Airfield (UnityEngine.GameObject)
Playing animation location_exit_up then location_enter_up
Trying to load minigame: FLOWER_WHITE
Successfully loaded minigame: FLOWER_WHITE
Validating room: Minigames
Playing animation location_exit_up then location_enter_up
Playing animation minigame_complete
Playing animation frontend_topleft_enter
Playing animation frontend_topright_enter
Playing animation frontend_topcenter_enter
Invalid animation frontend_topcenter_enter
Playing animation datetime_flip_down
Validating room: BambooPath
Playing animation location_exit_up then location_enter_up
Advancing time: Day 5 ( Day)
Playing animation datetime_flip_up then datetime_flip_down
Validating room: Grove
Releasing room Hangar (UnityEngine.GameObject)
Playing animation location_exit_up then location_enter_up
Validating room: map
Playing animation location_exit_up then location_enter_up
Playing animation OpenQuestUI
Playing animation CloseQuestUI
Playing animation OpenQuestUI
Playing animation CloseQuestUI
Validating room: Bar
Releasing room LuanaRoom (UnityEngine.GameObject)
Playing animation location_exit_up then location_enter_up
Starting conversation bar_with_mina with myself
Triggered event add=jack, 1
Triggered event add=mina, 3
Validating room: Bar
Triggered event sfx=shaker
Playing Spine jack+mina_bartending
Playing Spine jack+mina_bartending
Playing Spine jack+mina_bartending
Triggered event cash=50
Playing Spine jack+mina_bartending
Advancing time: Day 5 ( Evening)
Playing animation datetime_flip_up then datetime_flip_down
Triggered event advancetime
Playing animation QuestNotification
Playing animation hide_during_notification
Invalid animation hide_during_notification
Triggered event triggerquest=minaactivity_4
Triggered event add=jack, 2
Triggered event remove=mina
Triggered event add=mina, 3
Playing animation conversation_popout_full
Playing animation OpenQuestUI
Playing animation CloseQuestUI
Validating room: map
Playing animation location_exit_up then location_enter_up
Validating room: Ravine
Releasing room ResortBeach (UnityEngine.GameObject)
Playing animation location_exit_up then location_enter_up
Validating room: Overlook
Releasing room Resort (UnityEngine.GameObject)
Playing animation location_exit_up then location_enter_up
Validating room: Ravine
Playing animation location_exit_up then location_enter_up
Validating room: map
Playing animation location_exit_up then location_enter_up
Validating room: Resort
Releasing room BambooPath (UnityEngine.GameObject)
Playing animation location_exit_up then location_enter_up
Validating room: Lobby
Releasing room Grove (UnityEngine.GameObject)
Playing animation location_exit_up then location_enter_up
Playing animation conversation_popout_full
Validating room: Hall
Releasing room Bar (UnityEngine.GameObject)
Playing animation location_exit_up then location_enter_up
Validating room: Pool
Releasing room Overlook (UnityEngine.GameObject)
Playing animation location_exit_up then location_enter_up
Validating room: map
Playing animation location_exit_up then location_enter_up
Validating room: Resort
Playing animation location_exit_up then location_enter_up
Validating room: Lobby
Playing animation location_exit_up then location_enter_up
Starting conversation frontdesk_with_olga with myself
Triggered event add=olga, 1
Triggered event add=jack, 3
Playing Spine olga_frontdesk_night
Playing Spine olga_frontdesk_night
Triggered event cash=75
Playing Spine olga_frontdesk_night
Advancing time: Day 5 ( Night)
Playing animation datetime_flip_up then datetime_flip_down
Triggered event advancetime
Triggered event add=olga, 2
Triggered event remove=olga
Triggered event add=olga,2
Playing animation conversation_popout_full
Validating room: Seahut2
Releasing room Ravine (UnityEngine.GameObject)
Playing animation location_exit_up then location_enter_up
Starting conversation BasicSleep with myself
Validating room: Seahut2
Triggered event clearfailsafe
Queuing conversation alone_dreams (BrightBit.Conversation)
Triggered event generatedreamflags
Triggered event advancetonight
Starting conversation alone_dreams with myself
Playing animation datetime_flip_up then datetime_flip_down
Triggered event advanceday
Validating room: Seahut2
Playing animation conversation_popout_full
Starting conversation hotfixes with myself
Playing animation conversation_popout_full
Validating room: map
Playing animation location_exit_up then location_enter_up
Playing animation OpenQuestUI
Playing animation CloseQuestUI
Playing animation OpenQuestUI
Playing animation CloseQuestUI
Validating room: Lagoon
Releasing room Hall (UnityEngine.GameObject)
Playing animation location_exit_up then location_enter_up
Validating room: Riverside
Releasing room Pool (UnityEngine.GameObject)
Playing animation location_exit_up then location_enter_up
Validating room: Lagoon
Playing animation location_exit_up then location_enter_up
Validating room: TowerPath
Releasing room Resort (UnityEngine.GameObject)
Playing animation location_exit_up then location_enter_up
Validating room: Lagoon
Playing animation location_exit_up then location_enter_up
Validating room: map
Playing animation location_exit_up then location_enter_up
Validating room: Resort
Releasing room Lobby (UnityEngine.GameObject)
Playing animation location_exit_up then location_enter_up
Validating room: Lobby
Releasing room SeaHut2 (UnityEngine.GameObject)
Playing animation location_exit_up then location_enter_up
Validating room: Hall
Releasing room Riverside (UnityEngine.GameObject)
Playing animation location_exit_up then location_enter_up
Validating room: room21
Releasing room TowerPath (UnityEngine.GameObject)
Playing animation location_exit_up then location_enter_up
Validating room: Hall
Playing animation location_exit_up then location_enter_up
Validating room: room20
Releasing room Lagoon (UnityEngine.GameObject)
Playing animation location_exit_up then location_enter_up
Validating room: Hall
Playing animation location_exit_up then location_enter_up
Validating room: room22
Releasing room Resort (UnityEngine.GameObject)
Playing animation location_exit_up then location_enter_up
Validating room: Hall
Playing animation location_exit_up then location_enter_up
Validating room: room23
Releasing room Lobby (UnityEngine.GameObject)
Playing animation location_exit_up then location_enter_up
Starting conversation RavenMorning with myself
Playing animation conversation_popout_full
Validating room: Hall
Playing animation location_exit_up then location_enter_up
Validating room: Pool
Releasing room Room21 (UnityEngine.GameObject)
Playing animation location_exit_up then location_enter_up
No valid conversation options. Here's what I tried: 
Conversation moderate_with_scarlett failed because Required flags Missing flag completed_ScarlettActivity missing
Conversation 144_ToriConflict2 failed because Required flags Missing flag chunk_ToriConflict_2 missing
Playing animation conversation_popout_full
Validating room: Restaurant
Releasing room Room20 (UnityEngine.GameObject)
Playing animation location_exit_up then location_enter_up
Validating room: Pool
Playing animation location_exit_up then location_enter_up
Validating room: Quadplex
Releasing room Room22 (UnityEngine.GameObject)
Playing animation location_exit_up then location_enter_up
Validating room: room30
Releasing room Room23 (UnityEngine.GameObject)
Playing animation location_exit_up then location_enter_up
Validating room: Quadplex
Playing animation location_exit_up then location_enter_up
Validating room: room31
Releasing room Hall (UnityEngine.GameObject)
Playing animation location_exit_up then location_enter_up
Validating room: Quadplex
Playing animation location_exit_up then location_enter_up
Validating room: room32
Releasing room Restaurant (UnityEngine.GameObject)
Playing animation location_exit_up then location_enter_up
Validating room: Quadplex
Playing animation location_exit_up then location_enter_up
Validating room: room33
Releasing room Pool (UnityEngine.GameObject)
Playing animation location_exit_up then location_enter_up
Validating room: Quadplex
Playing animation location_exit_up then location_enter_up
Validating room: map
Playing animation location_exit_up then location_enter_up
Validating room: Gorge
Releasing room Room30 (UnityEngine.GameObject)
Playing animation location_exit_up then location_enter_up
Validating room: HiddenLake
Releasing room Room31 (UnityEngine.GameObject)
Playing animation location_exit_up then location_enter_up
Validating room: Gorge
Playing animation location_exit_up then location_enter_up
Validating room: map
Playing animation location_exit_up then location_enter_up
Validating room: CaveMouth
Releasing room Room32 (UnityEngine.GameObject)
Playing animation location_exit_up then location_enter_up
Validating room: Passage
Releasing room Room33 (UnityEngine.GameObject)
Playing animation location_exit_up then location_enter_up
Validating room: CavePool
Releasing room Quadplex (UnityEngine.GameObject)
Playing animation location_exit_up then location_enter_up
Validating room: Passage
Playing animation location_exit_up then location_enter_up
Validating room: cavefalls
Releasing room HiddenLake (UnityEngine.GameObject)
Playing animation location_exit_up then location_enter_up
Validating room: Passage
Playing animation location_exit_up then location_enter_up
Validating room: Ropeways
Releasing room Gorge (UnityEngine.GameObject)
Playing animation location_exit_up then location_enter_up
Starting conversation 014_BuiltTreehouse with myself
Triggered event add=jack, 1
Playing animation QuestNotification
Playing animation hide_during_notification
Invalid animation hide_during_notification
Triggered event triggerquest=treehouse_4
Validating room: TreehouseA
Releasing room CaveMouth (UnityEngine.GameObject)
Validating room: TreehouseA
Validating room: TreehouseA
Playing animation location_exit_up then location_enter_up
Validating room: treehousea
Triggered event unlocklocation=treehousea
Playing animation notification
Validating room: TreehouseB
Character Spine Sit(Clone) destroyed
Character Spine Sit(Clone) destroyed
Releasing room cavepool (UnityEngine.GameObject)
Validating room: TreehouseB
Validating room: TreehouseB
Playing animation location_exit_up then location_enter_up
Validating room: treehouseb
Triggered event unlocklocation=treehouseb
Playing animation open_handphone
Triggered event openshop
Playing animation QuestNotification
Playing animation hide_during_notification
Invalid animation hide_during_notification
Triggered event triggerquest=lodgefurniture_1
Playing animation conversation_popout_full
Playing animation notification
Playing animation close_handphone
Starting conversation 015_BoughtLodgeFurniture with myself
Triggered event add=jack, 2
Triggered event triggerquest=lodgefurniture_2
Playing animation conversation_popout_full
Playing animation QuestNotification
Playing animation hide_during_notification
Invalid animation hide_during_notification
Validating room: Ropeways
Playing animation location_exit_up then location_enter_up
Playing animation notification
Trying to load minigame: flower_blue
Successfully loaded minigame: flower_blue
Validating room: Minigames
Playing animation location_exit_up then location_enter_up
Playing animation minigame_complete
Playing animation frontend_topleft_enter
Playing animation frontend_topright_enter
Playing animation frontend_topcenter_enter
Invalid animation frontend_topcenter_enter
Playing animation datetime_flip_down
Validating room: Ropeways
Playing animation location_exit_up then location_enter_up
Advancing time: Day 6 ( Day)
Playing animation datetime_flip_up then datetime_flip_down
Validating room: TreehouseA
Playing animation location_exit_up then location_enter_up
Validating room: Ropeways
Playing animation location_exit_up then location_enter_up
Validating room: TreehouseB
Playing animation location_exit_up then location_enter_up
Validating room: Ropeways
Playing animation location_exit_up then location_enter_up
Playing animation OpenQuestUI
Playing animation CloseQuestUI
Advancing time: Day 6 ( Evening)
Playing animation datetime_flip_up then datetime_flip_down
Validating room: TreehouseA
Playing animation location_exit_up then location_enter_up
Validating room: Ropeways
Playing animation location_exit_up then location_enter_up
Playing animation OpenQuestUI
Playing animation CloseQuestUI
Advancing time: Day 6 ( Night)
Playing animation datetime_flip_up then datetime_flip_down
Validating room: Seahut2
Releasing room cavefalls (UnityEngine.GameObject)
Playing animation location_exit_up then location_enter_up
Starting conversation BasicSleep with myself
Validating room: Seahut2
Triggered event clearfailsafe
Queuing conversation alone_dreams (BrightBit.Conversation)
Triggered event generatedreamflags
Triggered event advancetonight
Starting conversation alone_dreams with myself
Playing animation datetime_flip_up then datetime_flip_down
Triggered event advanceday
Validating room: Seahut2
Playing animation conversation_popout_full
Starting conversation hotfixes with myself
Starting conversation story_reminders with myself
Triggered event add=jack, 2
Triggered event sfx=phoneringloop
Triggered event stopsfx
Queuing conversation 016_ArrivedLodgeFurniture (BrightBit.Conversation)
Triggered event queueconversation=016_arrivedlodgefurniture
Starting conversation 016_ArrivedLodgeFurniture with myself
Triggered event add=jack, 2
Triggered event pipflip=olga, 3
Triggered event removepip
Playing animation QuestNotification
Playing animation hide_during_notification
Invalid animation hide_during_notification
Triggered event triggerquest=lodgefurniture_3
Character Spine default destroyed
Playing animation conversation_popout_full
Validating room: map
Playing animation location_exit_up then location_enter_up
Validating room: CaveMouth
Releasing room Passage (UnityEngine.GameObject)
Playing animation location_exit_up then location_enter_up
Validating room: Passage
Releasing room treehouseB (UnityEngine.GameObject)
Playing animation location_exit_up then location_enter_up
Validating room: Ropeways
Playing animation location_exit_up then location_enter_up
Starting conversation 017_LodgeFurniture with myself
Triggered event add=jack, 3
Triggered event add=jack, 5
Triggered event add=jack, 1
Triggered event pipflipsilhouette=2
Triggered event removepip
Triggered event pipflip=karen, 2
Triggered event pipflip=erik, 2
Character Spine default destroyed
Triggered event pipflip=karen, 2
Character Spine Default destroyed
Triggered event removepip
Character Spine default destroyed
Trying to load minigame: dtp_treehousea
Triggered event startmg=dtp_treehousea
Playing animation conversation_popout_full
Successfully loaded minigame: dtp_treehousea
Validating room: Minigames
Playing animation location_exit_up then location_enter_up
Starting conversation 017a_LodgeStickers with myself
Trying to load minigame: dtp_treehouseb
Playing animation conversation_popout_full
Successfully loaded minigame: dtp_treehouseb
Starting conversation 017b_LodgeStickers with myself
Playing animation conversation_popout_full
Playing animation minigame_complete
Playing animation frontend_topleft_enter
Playing animation frontend_topright_enter
Playing animation frontend_topcenter_enter
Invalid animation frontend_topcenter_enter
Playing animation datetime_flip_down
Validating room: Ropeways
Playing animation location_exit_up then location_enter_up
Starting conversation 018_LodgeStickersDone with myself
Triggered event add=jack, 2
Triggered event sfx=phoneringloop
Advancing time: Day 7 ( Day)
Playing animation datetime_flip_up then datetime_flip_down
Triggered event advancetime
Triggered event stopsfx
Triggered event pipflip=erik, 3
Triggered event removepip
Playing animation QuestNotification
Playing animation hide_during_notification
Invalid animation hide_during_notification
Triggered event triggerquest=lodgefurniture_4
Character Spine Default destroyed
Playing animation conversation_popout_full
Playing animation OpenQuestUI
Playing animation CloseQuestUI
Playing animation open_handphone
Playing animation close_handphone
Validating room: TreehouseA
Playing animation location_exit_up then location_enter_up
Starting conversation 019_LodgeFurniture2 with myself
Triggered event add=jack, 2
Triggered event sfx=phoneringloop
Triggered event stopsfx
Playing animation open_handphone
Triggered event message=karen_lodge_furniture
Playing animation conversation_popout_full
Starting conversation 020_LodgeFurniture3 with myself
Triggered event add=jack, 2
Playing animation QuestNotification
Playing animation hide_during_notification
Invalid animation hide_during_notification
Triggered event triggerquest=lodgefurniture_5
Triggered event closehp
Triggered event pipflip=andrea, 3
Playing animation QuestNotification
Playing animation hide_during_notification
Invalid animation hide_during_notification
Triggered event triggerquest=lodgeritual_1
Playing animation conversation_popout_full
Character Spine Default destroyed
Playing animation OpenQuestUI
Playing animation CloseQuestUI
Validating room: map
Playing animation location_exit_up then location_enter_up
Validating room: Restaurant
Releasing room SeaHut2 (UnityEngine.GameObject)
Playing animation location_exit_up then location_enter_up
Playing animation conversation_popout_full
Advancing time: Day 7 ( Evening)
Playing animation datetime_flip_up then datetime_flip_down
Advancing time: Day 7 ( Night)
Playing animation datetime_flip_up then datetime_flip_down
Validating room: Seahut2
Releasing room CaveMouth (UnityEngine.GameObject)
Playing animation location_exit_up then location_enter_up
Starting conversation BasicSleep with myself
Validating room: Seahut2
Triggered event clearfailsafe
Queuing conversation alone_dreams (BrightBit.Conversation)
Triggered event generatedreamflags
Triggered event advancetonight
Starting conversation alone_dreams with myself
Playing animation datetime_flip_up then datetime_flip_down
Triggered event advanceday
Validating room: Seahut2
Playing animation conversation_popout_full
Starting conversation hotfixes with myself
Playing animation conversation_popout_full
Validating room: map
Playing animation location_exit_up then location_enter_up
Validating room: Kitchen
Releasing room Passage (UnityEngine.GameObject)
Playing animation location_exit_up then location_enter_up
Starting conversation 021_JennOliveOil with myself
Triggered event add=jack, 1
Triggered event add=jenn, 3
Trying to load minigame: eli_olive_oil
Triggered event startmg=eli_olive_oil
Playing animation conversation_popout_full
Successfully loaded minigame: eli_olive_oil
Validating room: Minigames
Playing animation location_exit_up then location_enter_up
Playing animation minigame_complete
Playing animation frontend_topleft_enter
Playing animation frontend_topright_enter
Playing animation frontend_topcenter_enter
Invalid animation frontend_topcenter_enter
Playing animation datetime_flip_down
Validating room: Kitchen
Playing animation location_exit_up then location_enter_up
Starting conversation 022_JennOliveOil2 with myself
Triggered event add=jack, 1
Triggered event add=jenn, 3
Playing animation QuestNotification
Playing animation hide_during_notification
Invalid animation hide_during_notification
Triggered event triggerquest=lodgeritual_2
Triggered event gainitem=olive_oil, 1
Playing animation conversation_popout_full
Validating room: map
Playing animation location_exit_up then location_enter_up
Validating room: Garden
Releasing room Ropeways (UnityEngine.GameObject)
Playing animation location_exit_up then location_enter_up
Starting conversation 023_AndreaOliveOil with myself
Triggered event add=jack, 1
Triggered event add=andrea, 3
Validating room: TreehouseA
Validating room: TreehouseA
Validating room: TreehouseA
Playing animation location_exit_up then location_enter_up
Trying to load minigame: andrea_massage
Triggered event startmg=andrea_massage
Playing animation conversation_popout_full
Successfully loaded minigame: andrea_massage
Validating room: Minigames
Playing animation location_exit_up then location_enter_up
Starting conversation 023a_AndreaShoulders with myself
Playing animation conversation_popout_full
Starting conversation 023b_AndreaLowerBack with myself
Playing animation conversation_popout_full
Starting conversation 023c_AndreaAss with myself
Playing animation conversation_popout_full
Starting conversation 023d_AndreaOiled with myself
Playing animation conversation_popout_full
Playing animation minigame_complete
Playing animation frontend_topleft_enter
Playing animation frontend_topright_enter
Playing animation frontend_topcenter_enter
Invalid animation frontend_topcenter_enter
Playing animation datetime_flip_down
Validating room: treehouseA
Playing animation location_exit_up then location_enter_up
Starting conversation 024_AndreaOilSex with myself
Triggered event startspanking=andrea_001
Playing Spine 01_start_idle
Playing Spine 01_start_idle
Playing Spine 01_start_idle
Playing Spine 01_start_idle
Playing Spine 01_start_idle
Playing Spine 01_start_idle
Playing Spine 01_start_idle
Playing Spine 01_start_idle
Playing Spine 01_start_idle
Playing Spine 02_insert_dick
Playing Spine 03_insert_dick_idle
Playing Spine 03_insert_dick_idle
Playing Spine 03_insert_dick_idle
Playing Spine 03_insert_dick_idle
Playing Spine 03_insert_dick_idle
Playing Spine 04_fuck_slow
Playing Spine 04_fuck_slow
Playing Spine 04_fuck_slow
Playing Spine 04_fuck_slow
Playing Spine 04_fuck_slow
Playing Spine 04_fuck_slow
Playing Spine 04_fuck_slow
Playing Spine 04_fuck_slow
Playing Spine 05_fuck_fast
Playing Spine 05_fuck_fast
Playing Spine 05_fuck_fast
Playing Spine 05_fuck_fast
Playing Spine 05_fuck_fast
Playing Spine 06_cum
Playing Spine 07_cum_idle
Playing Spine 07_cum_idle
Playing Spine 07_cum_idle
Triggered event add=jack, 1
Triggered event add=andrea, 3
Playing animation QuestNotification
Playing animation hide_during_notification
Invalid animation hide_during_notification
Triggered event triggerquest=lodgeritual_3
Advancing time: Day 8 ( Day)
Advancing time: Day 8 ( Evening)
Advancing time: Day 8 ( Night)
Playing animation datetime_flip_up then datetime_flip_down
Triggered event advancetonight
Triggered event stopspanking
Playing animation QuestNotification
Playing animation hide_during_notification
Invalid animation hide_during_notification
Triggered event triggerquest=sophiaarrives_1
Triggered event unlockrepeatable=andrea
Playing animation conversation_popout_full
Validating room: Seahut2
Playing animation location_exit_up then location_enter_up
Starting conversation BasicSleep with myself
Validating room: Seahut2
Triggered event clearfailsafe
Queuing conversation alone_dreams (BrightBit.Conversation)
Triggered event generatedreamflags
Triggered event advancetonight
Starting conversation alone_dreams with myself
Playing animation datetime_flip_up then datetime_flip_down
Triggered event advanceday
Validating room: Seahut2
Playing animation conversation_popout_full
Starting conversation hotfixes with myself
Starting conversation story_reminders with myself
Triggered event add=jack, 2
Triggered event sfx=phoneringloop
Triggered event stopsfx
Queuing conversation 025_SophiaArrives (BrightBit.Conversation)
Triggered event queueconversation=025_sophiaarrives
Starting conversation 025_SophiaArrives with myself
Triggered event add=jack, 2
Triggered event pipflip=andrea, 3
Triggered event removepip
Playing animation QuestNotification
Playing animation hide_during_notification
Invalid animation hide_during_notification
Triggered event triggerquest=sophiaarrives_2
Character Spine Default destroyed
Playing animation conversation_popout_full
Playing animation OpenQuestUI
Playing animation CloseQuestUI
Validating room: map
Playing animation location_exit_up then location_enter_up
Validating room: CaveMouth
Releasing room Restaurant (UnityEngine.GameObject)
Playing animation location_exit_up then location_enter_up
Validating room: Passage
Releasing room Kitchen (UnityEngine.GameObject)
Playing animation location_exit_up then location_enter_up
Validating room: Ropeways
Releasing room Garden (UnityEngine.GameObject)
Playing animation location_exit_up then location_enter_up
Validating room: TreehouseA
Playing animation location_exit_up then location_enter_up
Starting conversation 026_SophiaArrives2 with myself
Triggered event add=jack, 1
Triggered event add=andrea, 3
Triggered event add=sophia, 4
Triggered event setsophianame
Can't click through because of EnterCharacterName
Triggered event remove=andrea
Triggered event add=sophia, 3
Triggered event remove=sophia
Validating room: Ropeways
Validating room: Ropeways
Validating room: Ropeways
Playing animation location_exit_up then location_enter_up
Triggered event add=jack, 2
Triggered event add=jack, 1
Trying to load minigame: sor_bush
Triggered event startmg=sor_bush
Playing animation conversation_popout_full
Successfully loaded minigame: sor_bush
Validating room: Minigames
Playing animation location_exit_up then location_enter_up
Starting conversation 026a_CutBranches1 with myself
UpdateProgress: onpickup
Playing animation conversation_popout_full
UpdateProgress: onpickup
UpdateProgress: onpickup
UpdateProgress: onpickup
Starting conversation 026b_CutBranches with myself
UpdateProgress: onpickup
Playing animation conversation_popout_full
UpdateProgress: onpickup
UpdateProgress: onpickup
UpdateProgress: onpickup
Starting conversation 026e_WIPosterPiece with myself
UpdateProgress: onpickup
Playing animation conversation_popout_full
Starting conversation 026c_CutBranches with myself
UpdateProgress: onpickup
Playing animation conversation_popout_full
UpdateProgress: onpickup
UpdateProgress: onpickup
UpdateProgress: onpickup
UpdateProgress: onpickup
Starting conversation 026d_CutBranches with myself
UpdateProgress: onpickup
Playing animation conversation_popout_full
UpdateProgress: onpickup
UpdateProgress: onpickup
UpdateProgress: onpickup
UpdateProgress: onpickup
UpdateProgress: onpickup
Playing animation minigame_complete
Playing animation frontend_topleft_enter
Playing animation frontend_topright_enter
Playing animation frontend_topcenter_enter
Invalid animation frontend_topcenter_enter
Playing animation datetime_flip_down
Validating room: RopewaysWaterfall
Releasing room SeaHut2 (UnityEngine.GameObject)
Playing animation location_exit_up then location_enter_up
Starting conversation 027_SophiaWaterfall with myself
Triggered event gainitem=wi_poster_piece
Triggered event add=jack, 1
Triggered event add=sophia, 3
Playing Spine armsup_eyesOpen_smile
Playing Spine armsup_eyesOpen_smile
Playing Spine armsup_eyesHalflid_smile
Playing Spine lotus_eyesOpen_smile
Playing Spine lotus_eyesOpen_smile
Playing Spine lotus_eyesClosed_neutral
Playing Spine lotus_eyesClosed_neutral
Playing Spine lotus_eyesClosed_neutral
Playing Spine lotus_eyesClosed_smile
Playing Spine lotus_eyesClosed_smile
Playing Spine lotus_eyesClosed_neutral
Playing Spine lotus_eyesClosed_neutral
Playing Spine lotus_eyesClosed_neutral
Playing Spine lotus_eyesClosed_neutral
Playing Spine lotus_eyesHalflid_smile
Playing Spine lotus_eyesClosed_neutral
Playing Spine lotus_eyesClosed_neutral
Playing Spine lotus_eyesClosed_neutral
Playing Spine lotus_eyesOpen_smile
Playing Spine lotus_eyesOpen_smile
Playing Spine pray_eyesHalflid_smile
Playing Spine pray_eyesOpen_smile
Playing Spine pray_eyesClosed_smile
Playing Spine pray_eyesClosed_smile
Playing Spine pray_eyesClosed_neutral
Playing Spine armsup_eyesClosed_smile
Playing Spine armsup_eyesClosed_smile
Playing Spine armsup_eyesClosed_smile
Playing Spine armsup_eyesClosed_neutral
Playing Spine pray_eyesHalflid_smile
Playing Spine lotus_eyesHalflid_smile
Playing Spine lotus_eyesOpen_smile
Playing Spine head2_lotus
Playing Spine head2_lotus
Playing Spine head2_lotus
Playing Spine head2_lotus
Playing Spine head2_lotus
Playing Spine head2_arms_up
Playing Spine lotus_eyesHalflid_smile
Playing Spine lotus_eyesHalflid_smile
Playing Spine lotus_eyesHalflid_smile
Advancing time: Day 9 ( Day)
Playing animation datetime_flip_up then datetime_flip_down
Triggered event advancetime
Triggered event add=sophia, 2
Playing animation QuestNotification
Playing animation hide_during_notification
Invalid animation hide_during_notification
Triggered event triggerquest=sophiaarrives_3
Triggered event remove=sophia
Triggered event add=jack, 2
Triggered event pipflip=karen, 3
Playing animation QuestNotification
Playing animation hide_during_notification
Invalid animation hide_during_notification
Triggered event triggerquest=yogasala_1
Triggered event removepip
Character Spine default destroyed
Playing animation conversation_popout_full
Playing animation OpenQuestUI
Playing animation CloseQuestUI
Validating room: map
Playing animation location_exit_up then location_enter_up
Validating room: Lobby
Releasing room CaveMouth (UnityEngine.GameObject)
Playing animation location_exit_up then location_enter_up
Starting conversation 028_OlgaYogaSala with myself
Validating room: Lobby_desk
Character Spine Default(Clone) destroyed
Character Spine Default(Clone) destroyed
Character Spine Default(Clone) destroyed
Releasing room Passage (UnityEngine.GameObject)
Validating room: Lobby_desk
Validating room: Lobby_desk
Playing animation location_exit_up then location_enter_up
Triggered event add=olga, 1
Triggered event add=jack, 3
Playing animation QuestNotification
Playing animation hide_during_notification
Invalid animation hide_during_notification
Triggered event triggerquest=yogasala_2
Validating room: Lobby
Validating room: Lobby
Validating room: Lobby
Playing animation location_exit_up then location_enter_up
Playing animation conversation_popout_full
Validating room: map
Playing animation location_exit_up then location_enter_up
Validating room: Bar
Releasing room treehouseA (UnityEngine.GameObject)
Playing animation location_exit_up then location_enter_up
Starting conversation bar_with_mina with myself
Triggered event add=jack, 1
Triggered event add=mina, 3
Validating room: Bar
Triggered event sfx=shaker
Playing Spine jack+mina_bartending
Playing Spine jack+mina_bartending
Playing Spine jack+mina_bartending
Triggered event cash=25
Playing Spine jack+mina_bartending
Advancing time: Day 9 ( Evening)
Playing animation datetime_flip_up then datetime_flip_down
Triggered event advancetime
Playing animation OpenQuestUI
Playing animation CloseQuestUI
Playing animation OpenQuestUI
Triggered event add=mina, 2
Playing animation CloseQuestUI
Triggered event remove=mina
Triggered event add=mina, 2
Triggered event add=mina, 3
Triggered event remove=mina
Playing animation QuestNotification
Playing animation hide_during_notification
Invalid animation hide_during_notification
Triggered event triggerquest=yogasala_3
Playing animation conversation_popout_full
Validating room: map
Playing animation location_exit_up then location_enter_up
Validating room: Lobby
Playing animation location_exit_up then location_enter_up
Starting conversation 029_OlgaYogaSala2 with myself
Validating room: Lobby_desk
Validating room: Lobby_desk
Validating room: Lobby_desk
Playing animation location_exit_up then location_enter_up
Triggered event add=olga, 1
Triggered event add=jack, 3
Playing animation QuestNotification
Playing animation hide_during_notification
Invalid animation hide_during_notification
Triggered event triggerquest=yogasala_4
Triggered event setdelayflag=built_yogasala, 1
Validating room: Lobby
Validating room: Lobby
Validating room: Lobby
Playing animation location_exit_up then location_enter_up
Playing animation conversation_popout_full
Advancing time: Day 9 ( Night)
Playing animation datetime_flip_up then datetime_flip_down
Validating room: Seahut2
Releasing room Ropeways (UnityEngine.GameObject)
Playing animation location_exit_up then location_enter_up
Starting conversation BasicSleep with myself
Validating room: Seahut2
Triggered event clearfailsafe
Queuing conversation alone_dreams (BrightBit.Conversation)
Triggered event generatedreamflags
Triggered event advancetonight
Starting conversation alone_dreams with myself
Playing animation datetime_flip_up then datetime_flip_down
Triggered event advanceday
Validating room: Seahut2
Playing animation conversation_popout_full
Starting conversation hotfixes with myself
Playing animation conversation_popout_full
Playing animation OpenQuestUI
Playing animation CloseQuestUI
Validating room: map
Playing animation location_exit_up then location_enter_up
Validating room: RopewaysWaterfall
Playing animation location_exit_up then location_enter_up
No valid conversation options. Here's what I tried: 
Conversation yoga_with_sophia failed because Required flags Missing flag yoga_with_sophia missing
Conversation 075_RecruitSophia failed because Required flags Missing flag chunk_RecruitASV_2 missing
Playing animation conversation_popout_full
Validating room: map
Playing animation location_exit_up then location_enter_up
Validating room: CaveMouth
Releasing room Bar (UnityEngine.GameObject)
Playing animation location_exit_up then location_enter_up
Validating room: Passage
Releasing room lobby_desk (UnityEngine.GameObject)
Playing animation location_exit_up then location_enter_up
Validating room: Ropeways
Releasing room Lobby (UnityEngine.GameObject)
Playing animation location_exit_up then location_enter_up
Validating room: TreehouseA
Releasing room SeaHut2 (UnityEngine.GameObject)
Playing animation location_exit_up then location_enter_up
Validating room: map
Playing animation location_exit_up then location_enter_up
Playing animation OpenQuestUI
Playing animation CloseQuestUI
Playing animation OpenQuestUI
Playing animation CloseQuestUI
Validating room: Lagoon
Releasing room RopewaysWaterfall (UnityEngine.GameObject)
Playing animation location_exit_up then location_enter_up
Validating room: map
Playing animation location_exit_up then location_enter_up
Validating room: Resort
Releasing room CaveMouth (UnityEngine.GameObject)
Playing animation location_exit_up then location_enter_up
Validating room: Lobby
Releasing room Passage (UnityEngine.GameObject)
Playing animation location_exit_up then location_enter_up
Playing animation conversation_popout_full
Playing animation OpenQuestUI
Playing animation CloseQuestUI
Validating room: map
Playing animation location_exit_up then location_enter_up
Validating room: Lagoon
Playing animation location_exit_up then location_enter_up
Validating room: map
Playing animation location_exit_up then location_enter_up
Validating room: Ravine
Releasing room Ropeways (UnityEngine.GameObject)
Playing animation location_exit_up then location_enter_up
Validating room: Overlook
Releasing room treehouseA (UnityEngine.GameObject)
Playing animation location_exit_up then location_enter_up
Validating room: Ravine
Playing animation location_exit_up then location_enter_up
Validating room: SplitPaths
Releasing room Resort (UnityEngine.GameObject)
Playing animation location_exit_up then location_enter_up
Validating room: Garden
Releasing room Lobby (UnityEngine.GameObject)
Playing animation location_exit_up then location_enter_up
Validating room: SplitPaths
Playing animation location_exit_up then location_enter_up
Validating room: Bungalows
Releasing room Lagoon (UnityEngine.GameObject)
Playing animation location_exit_up then location_enter_up
Validating room: map
Playing animation location_exit_up then location_enter_up
Playing animation OpenQuestUI
Playing animation CloseQuestUI
Validating room: Beach
Releasing room Overlook (UnityEngine.GameObject)
Playing animation location_exit_up then location_enter_up
Validating room: Cove
Releasing room Ravine (UnityEngine.GameObject)
Playing animation location_exit_up then location_enter_up
Validating room: map
Playing animation location_exit_up then location_enter_up
Validating room: Gorge
Releasing room Garden (UnityEngine.GameObject)
Playing animation location_exit_up then location_enter_up
Validating room: HiddenLake
Releasing room SplitPaths (UnityEngine.GameObject)
Playing animation location_exit_up then location_enter_up
Validating room: map
Playing animation location_exit_up then location_enter_up
Validating room: Lagoon
Releasing room Bungalows (UnityEngine.GameObject)
Playing animation location_exit_up then location_enter_up
Validating room: TowerPath
Releasing room Beach (UnityEngine.GameObject)
Playing animation location_exit_up then location_enter_up
Validating room: RadioTower
Releasing room Cove (UnityEngine.GameObject)
Playing animation location_exit_up then location_enter_up
Validating room: TowerPath
Playing animation location_exit_up then location_enter_up
Validating room: Gym
Releasing room Gorge (UnityEngine.GameObject)
Playing animation location_exit_up then location_enter_up
Validating room: TowerPath
Playing animation location_exit_up then location_enter_up
Validating room: map
Playing animation location_exit_up then location_enter_up
Validating room: Beach
Releasing room HiddenLake (UnityEngine.GameObject)
Playing animation location_exit_up then location_enter_up
Validating room: map
Playing animation location_exit_up then location_enter_up
Validating room: CaveMouth
Releasing room Lagoon (UnityEngine.GameObject)
Playing animation location_exit_up then location_enter_up
Validating room: Passage
Releasing room RadioTower (UnityEngine.GameObject)
Playing animation location_exit_up then location_enter_up
Validating room: Ropeways
Releasing room Gym (UnityEngine.GameObject)
Playing animation location_exit_up then location_enter_up
Validating room: TreehouseB
Character Spine Sit(Clone) destroyed
Character Spine Sit(Clone) destroyed
Releasing room TowerPath (UnityEngine.GameObject)
Playing animation location_exit_up then location_enter_up
Validating room: Ropeways
Playing animation location_exit_up then location_enter_up
Validating room: RopewaysWaterfall
Releasing room Beach (UnityEngine.GameObject)
Playing animation location_exit_up then location_enter_up
Playing animation OpenQuestUI
Playing animation CloseQuestUI
No valid conversation options. Here's what I tried: 
Conversation yoga_with_sophia failed because Required flags Missing flag yoga_with_sophia missing
Conversation 075_RecruitSophia failed because Required flags Missing flag chunk_RecruitASV_2 missing
Playing animation conversation_popout_full
Trying to load minigame: flower_whiteblue
Successfully loaded minigame: flower_whiteblue
Validating room: Minigames
Playing animation location_exit_up then location_enter_up
Playing animation minigame_complete
Playing animation frontend_topleft_enter
Playing animation frontend_topright_enter
Playing animation frontend_topcenter_enter
Invalid animation frontend_topcenter_enter
Playing animation datetime_flip_down
Validating room: RopewaysWaterfall
Playing animation location_exit_up then location_enter_up
Advancing time: Day 10 ( Day)
Playing animation datetime_flip_up then datetime_flip_down
Validating room: YogaSala
Releasing room CaveMouth (UnityEngine.GameObject)
Playing animation location_exit_up then location_enter_up
Starting conversation 030_BuiltYogaSala with myself
Triggered event add=jack, 1
Triggered event add=sophia, 3
Playing animation QuestNotification
Playing animation hide_during_notification
Invalid animation hide_during_notification
Triggered event triggerquest=yogasala_5
Validating room: YogaShower
Releasing room Passage (UnityEngine.GameObject)
Validating room: YogaShower
Validating room: YogaShower
Playing animation location_exit_up then location_enter_up
Playing animation QuestNotification
Playing animation hide_during_notification
Invalid animation hide_during_notification
Triggered event triggerquest=sophiayoga_1
Playing animation conversation_popout_full
Playing animation OpenQuestUI
Playing animation CloseQuestUI
Advancing time: Day 10 ( Evening)
Playing animation datetime_flip_up then datetime_flip_down
Advancing time: Day 10 ( Night)
Playing animation datetime_flip_up then datetime_flip_down
Validating room: Seahut2
Releasing room treehouseB (UnityEngine.GameObject)
Playing animation location_exit_up then location_enter_up
Starting conversation BasicSleep with myself
Validating room: Seahut2
Triggered event clearfailsafe
Queuing conversation alone_dreams (BrightBit.Conversation)
Triggered event generatedreamflags
Triggered event advancetonight
Starting conversation alone_dreams with myself
Playing animation datetime_flip_up then datetime_flip_down
Triggered event advanceday
Validating room: Seahut2
Playing animation conversation_popout_full
Starting conversation hotfixes with myself
Starting conversation story_reminders with myself
Triggered event add=jack, 2
Triggered event sfx=phoneringloop
Triggered event stopsfx
Queuing conversation 030_VivianArrives (BrightBit.Conversation)
Triggered event queueconversation=030_vivianarrives
Starting conversation 030_VivianArrives with myself
Triggered event add=jack, 2
Triggered event pipflip=rachel, 3
Validating room: Cove
Releasing room Ropeways (UnityEngine.GameObject)
Validating room: Cove
Validating room: Cove
Playing animation location_exit_up then location_enter_up
Triggered event removepip
Triggered event add=jack, 0
Character Spine default destroyed
Validating room: Floatplane
Releasing room RopewaysWaterfall (UnityEngine.GameObject)
Validating room: Floatplane
Validating room: Floatplane
Playing animation location_exit_up then location_enter_up
Triggered event add=jack, 0
Triggered event add=grace, 2
Triggered event add=rachel, 3
Playing Spine vivian_glamshot_arrivalDock_1
Playing Spine vivian_glamshot_arrivalDock_1
Playing Spine vivian_glamshot_arrivalDock_2
Playing Spine vivian_glamshot_arrivalDock_2
Triggered event add=jack, 0
Triggered event add=grace, 2
Triggered event add=rachel, 3
Triggered event add=vivian, 4
Triggered event setvivianname
Can't click through because of EnterCharacterName
Triggered event add=rachel, 2
Triggered event add=grace, 3
Triggered event remove=rachel
Triggered event add=rachel,2
Triggered event add=grace,2
Triggered event add=rachel,3
Triggered event remove=grace
Triggered event add=grace,2
Triggered event remove=rachel
Triggered event remove=grace
Triggered event add=jack, 1
Triggered event add=vivian, 3
Validating room: Beach
Releasing room YogaSala (UnityEngine.GameObject)
Validating room: Beach
Validating room: Beach
Playing animation location_exit_up then location_enter_up
Triggered event add=jack, 2
Validating room: Resort
Releasing room YogaShower (UnityEngine.GameObject)
Validating room: Resort
Validating room: Resort
Playing animation location_exit_up then location_enter_up
Validating room: Lobby
Releasing room SeaHut2 (UnityEngine.GameObject)
Validating room: Lobby
Validating room: Lobby
Playing animation location_exit_up then location_enter_up
Triggered event add=olga, 1
Triggered event add=jack, 3
Triggered event add=vivian, 4
Validating room: CaveMouth
Releasing room Cove (UnityEngine.GameObject)
Validating room: CaveMouth
Validating room: CaveMouth
Playing animation location_exit_up then location_enter_up
Triggered event add=jack, 1
Triggered event add=vivian, 3
Triggered event remove=olga
Validating room: Ropeways
Releasing room Floatplane (UnityEngine.GameObject)
Validating room: Ropeways
Validating room: Ropeways
Playing animation location_exit_up then location_enter_up
Triggered event add=jack, 2
Validating room: TreehouseB
Character Spine Sit(Clone) destroyed
Character Spine Sit(Clone) destroyed
Releasing room Beach (UnityEngine.GameObject)
Validating room: TreehouseB
Validating room: TreehouseB
Playing animation location_exit_up then location_enter_up
Triggered event add=jack, 1
Validating room: Ropeways
Validating room: Ropeways
Validating room: Ropeways
Playing animation location_exit_up then location_enter_up
Triggered event remove=jack, vivian
Playing animation conversation_popout_full
Playing animation OpenQuestUI
Playing animation CloseQuestUI
Advancing time: Day 11 ( Day)
Playing animation datetime_flip_up then datetime_flip_down
Advancing time: Day 11 ( Evening)
Playing animation datetime_flip_up then datetime_flip_down
Advancing time: Day 11 ( Night)
Playing animation datetime_flip_up then datetime_flip_down
Validating room: Seahut2
Releasing room Resort (UnityEngine.GameObject)
Playing animation location_exit_up then location_enter_up
Starting conversation BasicSleep with myself
Validating room: Seahut2
Triggered event clearfailsafe
Queuing conversation alone_dreams (BrightBit.Conversation)
Triggered event generatedreamflags
Triggered event advancetonight
Starting conversation alone_dreams with myself
Playing animation datetime_flip_up then datetime_flip_down
Triggered event advanceday
Validating room: Seahut2
Playing animation conversation_popout_full
Starting conversation hotfixes with myself
Starting conversation story_reminders with myself
Triggered event add=jack, 2
Triggered event sfx=phoneringloop
Triggered event stopsfx
Queuing conversation 001_RachelActivity (BrightBit.Conversation)
Triggered event queueconversation=001_rachelactivity
Starting conversation 001_RachelActivity with myself
Triggered event add=jack, 2
Triggered event pipflip=rachel, 3
Playing animation QuestNotification
Playing animation hide_during_notification
Invalid animation hide_during_notification
Triggered event triggerquest=rachelactivity_1
Playing animation conversation_popout_full
Character Spine default destroyed
Playing animation OpenQuestUI
Playing animation CloseQuestUI
Validating room: map
Playing animation location_exit_up then location_enter_up
Validating room: Gym
Releasing room Lobby (UnityEngine.GameObject)
Playing animation location_exit_up then location_enter_up
Starting conversation tour_with_rachel with myself
Triggered event add=jack, 1
Triggered event add=rachel, 3
Validating room: HiddenLake
Releasing room CaveMouth (UnityEngine.GameObject)
Validating room: HiddenLake
Validating room: HiddenLake
Playing animation location_exit_up then location_enter_up
Playing Spine rachel_nature_trails
Playing Spine rachel_nature_trails
Playing Spine rachel_nature_trails
Triggered event cash=25
Playing Spine rachel_nature_trails
Advancing time: Day 12 ( Day)
Playing animation datetime_flip_up then datetime_flip_down
Triggered event advancetime
Playing animation QuestNotification
Playing animation hide_during_notification
Invalid animation hide_during_notification
Triggered event triggerquest=rachelactivity_2
Playing animation QuestNotification
Playing animation hide_during_notification
Invalid animation hide_during_notification
Triggered event triggerquest=rachelcamp_1
Attempting to call invalid event addd=rachel,2
Triggered event remove=rachel
Triggered event add=rachel,2
Playing animation conversation_popout_full
Playing animation OpenQuestUI
Playing animation CloseQuestUI
Advancing time: Day 12 ( Evening)
Playing animation datetime_flip_up then datetime_flip_down
Advancing time: Day 12 ( Night)
Playing animation datetime_flip_up then datetime_flip_down
Validating room: Seahut2
Playing animation location_exit_up then location_enter_up
Starting conversation BasicSleep with myself
Validating room: Seahut2
Triggered event clearfailsafe
Queuing conversation alone_dreams (BrightBit.Conversation)
Triggered event generatedreamflags
Triggered event advancetonight
Starting conversation alone_dreams with myself
Playing animation datetime_flip_up then datetime_flip_down
Triggered event advanceday
Validating room: Seahut2
Playing animation conversation_popout_full
Starting conversation hotfixes with myself
Starting conversation story_reminders with myself
Triggered event add=jack, 2
Triggered event sfx=phoneringloop
Triggered event stopsfx
Queuing conversation 031_RachelCamp (BrightBit.Conversation)
Triggered event queueconversation=031_rachelcamp
Starting conversation 031_RachelCamp with myself
Triggered event add=jack, 2
Triggered event pipflip=rachel, 3
Playing animation QuestNotification
Playing animation hide_during_notification
Invalid animation hide_during_notification
Triggered event triggerquest=rachelcamp_mallows
Triggered event triggerquest=rachelcamp_campfire
Triggered event triggerquest=rachelcamp_repel
Triggered event removepip
Character Spine default destroyed
Playing animation conversation_popout_full
Playing animation open_handphone
Playing animation QuestNotification
Playing animation hide_during_notification
Invalid animation hide_during_notification
Playing animation QuestNotification
Playing animation hide_during_notification
Invalid animation hide_during_notification
Playing animation close_handphone
Starting conversation 031a_BoughtMallows with myself
Triggered event add=jack, 2
Triggered event triggerquest=rachelcamp_mallows_end
Playing animation QuestNotification
Playing animation hide_during_notification
Invalid animation hide_during_notification
Playing animation conversation_popout_full
Playing animation open_handphone
Playing animation close_handphone
Starting conversation 031c_BoughtCampfireKit with myself
Triggered event add=jack, 2
Playing animation QuestNotification
Playing animation hide_during_notification
Invalid animation hide_during_notification
Triggered event triggerquest=rachelcamp_campfire_end
Playing animation conversation_popout_full
Playing animation OpenQuestUI
Playing animation CloseQuestUI
Playing animation open_handphone
Playing animation close_handphone
Starting conversation 031b_BoughtBugRepellent with myself
Triggered event add=jack, 2
Playing animation QuestNotification
Playing animation hide_during_notification
Invalid animation hide_during_notification
Triggered event triggerquest=rachelcamp_repel_end
Queuing conversation 032_RachelCamp2 (BrightBit.Conversation)
Triggered event queueconversation=032_rachelcamp2
Starting conversation 032_RachelCamp2 with myself
Triggered event add=jack, 2
Playing animation QuestNotification
Playing animation hide_during_notification
Invalid animation hide_during_notification
Triggered event triggerquest=rachelcamp_2
Playing animation conversation_popout_full
Validating room: map
Playing animation location_exit_up then location_enter_up
Validating room: Gym
Playing animation location_exit_up then location_enter_up
Starting conversation 033_RachelCamp3 with myself
Triggered event add=jack, 1
Triggered event add=rachel, 3
Triggered event add=grace, 4
Validating room: HiddenLake
Validating room: HiddenLake
Validating room: HiddenLake
Playing animation location_exit_up then location_enter_up
Trying to load minigame: dtp_campfire
Triggered event startmg=dtp_campfire
Successfully loaded minigame: dtp_campfire
Validating room: Minigames
Playing animation location_exit_up then location_enter_up
Playing animation conversation_popout_full
Starting conversation 033a_AssembledRocks with myself
Playing animation conversation_popout_full
Starting conversation 033b_AssembledFirewood with myself
Playing animation conversation_popout_full
Starting conversation 033c_AssembledSticks with myself
Playing animation conversation_popout_full
Playing animation minigame_complete
Playing animation frontend_topleft_enter
Playing animation frontend_topright_enter
Playing animation frontend_topcenter_enter
Invalid animation frontend_topcenter_enter
Playing animation datetime_flip_down
Validating room: HiddenLake
Playing animation location_exit_up then location_enter_up
Starting conversation 034_RachelCamp4 with myself
Triggered event add=jack, 1
Triggered event add=rachel, 3
Triggered event add=grace, 4
Triggered event add=rachel, 3
Triggered event add=grace, 4
Validating room: HiddenLakeCampfire
Releasing room treehouseB (UnityEngine.GameObject)
Validating room: HiddenLakeCampfire
Validating room: HiddenLakeCampfire
Playing animation location_exit_up then location_enter_up
Advancing time: Day 13 ( Day)
Advancing time: Day 13 ( Evening)
Playing animation datetime_flip_up then datetime_flip_down
Triggered event advancetoevening
Triggered event add=grace, 5
Triggered event add=rachel, 7
Triggered event add=jack, 6
Triggered event remove=jack, rachel
Triggered event add=jack, 6
Triggered event add=rachel, 7
Character Spine 4a1c0214288e10c49bd787e1e470cc99 destroyed
Triggered event remove=grace, rachel
Triggered event add=grace, 5
Triggered event add=rachel, 7
Character Spine 0245388f61eb8104aae1647e9c611abb destroyed
Validating room: HiddenLake_Tent
Releasing room Ropeways (UnityEngine.GameObject)
Validating room: HiddenLake_Tent
Validating room: HiddenLake_Tent
Playing animation location_exit_up then location_enter_up
Advancing time: Day 13 ( Night)
Playing animation datetime_flip_up then datetime_flip_down
Triggered event advancetonight
Playing animation QuestNotification
Playing animation hide_during_notification
Invalid animation hide_during_notification
Triggered event triggerquest=rachelcamp_3
Character Spine 843b8c6f6788d8047991309105276cf7 destroyed
Character Spine 1efc555de80f5d54daa23db882a33889 destroyed
Character Spine 843b8c6f6788d8047991309105276cf7 destroyed
Character Spine 1efc555de80f5d54daa23db882a33889 destroyed
Character Spine 843b8c6f6788d8047991309105276cf7 destroyed
Character Spine 1efc555de80f5d54daa23db882a33889 destroyed
Validating room: HiddenLake
Validating room: HiddenLake
Validating room: HiddenLake
Playing animation location_exit_up then location_enter_up
Triggered event remove=rachel
Triggered event setblackout=0
Triggered event add=jack, 1
Triggered event add=grace,3
Triggered event remove=rachel
Trying to load minigame: cts_grace_phone
Triggered event startmg=cts_grace_phone
Playing animation conversation_popout_full
Successfully loaded minigame: cts_grace_phone
Validating room: Minigames
Playing animation location_exit_up then location_enter_up
Playing animation minigame_complete
Playing animation frontend_topleft_enter
Playing animation frontend_topright_enter
Playing animation frontend_topcenter_enter
Invalid animation frontend_topcenter_enter
Playing animation datetime_flip_down
Validating room: HiddenLake
Playing animation location_exit_up then location_enter_up
Starting conversation 035_ToriArrives with myself
Triggered event add=jack, 1
Triggered event add=grace, 3
Triggered event unlockwallpaper=grace_rachel_001
Triggered event pip=rachel, 2
Triggered event removepip
Character Spine default destroyed
Validating room: Cove
Releasing room SeaHut2 (UnityEngine.GameObject)
Validating room: Cove
Validating room: Cove
Playing animation location_exit_up then location_enter_up
Triggered event add=jack, 0
Triggered event add=grace, 1
Playing animation datetime_flip_up then datetime_flip_down
Triggered event advanceday
Validating room: Floatplane
Releasing room Gym (UnityEngine.GameObject)
Validating room: Floatplane
Validating room: Floatplane
Playing animation location_exit_up then location_enter_up
Triggered event add=rachel,3
Playing Spine tori_glamshot_arrival_1
Playing Spine tori_glamshot_arrival_2
Playing Spine tori_glamshot_arrival_2
Playing Spine tori_glamshot_arrival_2
Playing Spine tori_glamshot_arrival_2
Playing Spine tori_glamshot_arrival_2
Triggered event add=jack, 0
Triggered event add=grace, 2
Triggered event add=rachel, 3
Triggered event add=tori, 4
Triggered event add=tori, 3
Triggered event add=rachel, 4
Triggered event add=tori, 2
Triggered event add=grace, 3
Validating room: Resort
Releasing room HiddenLakeCampfire (UnityEngine.GameObject)
Validating room: Resort
Validating room: Resort
Playing animation location_exit_up then location_enter_up
Triggered event add=jack, 1
Triggered event add=tori, 3
Triggered event remove=grace
Triggered event remove=rachel
Validating room: Lobby
Releasing room HiddenLake_Tent (UnityEngine.GameObject)
Validating room: Lobby
Validating room: Lobby
Playing animation location_exit_up then location_enter_up
Triggered event add=olga, 0
Triggered event add=tori, 3
Triggered event add=jack, 4
Triggered event add=raven, 1
Triggered event add=maria, 2
Validating room: Hall
Releasing room HiddenLake (UnityEngine.GameObject)
Validating room: Hall
Validating room: Hall
Playing animation location_exit_up then location_enter_up
Triggered event add=jack, 1
Triggered event add=tori, 3
Triggered event remove=olga,raven,maria
Validating room: Room21
Releasing room Cove (UnityEngine.GameObject)
Validating room: Room21
Validating room: Room21
Playing animation location_exit_up then location_enter_up
Triggered event add=jack, 1
Triggered event add=tori, 3
Trying to load minigame: decon_luggage_tori
Triggered event startmg=decon_luggage_tori
Playing animation conversation_popout_full
Successfully loaded minigame: decon_luggage_tori
Validating room: Minigames
Playing animation location_exit_up then location_enter_up
Playing animation minigame_complete
Playing animation frontend_topleft_enter
Playing animation frontend_topright_enter
Playing animation frontend_topcenter_enter
Invalid animation frontend_topcenter_enter
Playing animation datetime_flip_down
Validating room: Room21
Playing animation location_exit_up then location_enter_up
Starting conversation 036_ToriArrives2 with myself
Triggered event add=jack, 1
Triggered event add=tori, 3
Advancing time: Day 14 ( Day)
Playing animation datetime_flip_up then datetime_flip_down
Triggered event advancetime
Triggered event add=jack, 2
Triggered event add=tori, 1
Validating room: Hall
Validating room: Hall
Validating room: Hall
Playing animation location_exit_up then location_enter_up
Triggered event add=jack, 2
Triggered event remove=tori
Triggered event sfx=phoneringloop
Triggered event stopsfx
The referenced script on this Behaviour (Game Object '<null>') is missing!
The referenced script on this Behaviour (Game Object '0') is missing!
The referenced script on this Behaviour (Game Object '0') is missing!
Triggered event pipflip=mina, 3
Playing animation QuestNotification
Playing animation hide_during_notification
Invalid animation hide_during_notification
Triggered event triggerquest=minagaming_1
Playing animation conversation_popout_full
Character Spine Default_ForPIP destroyed
Playing animation OpenQuestUI
Playing animation CloseQuestUI
Advancing time: Day 14 ( Evening)
Playing animation datetime_flip_up then datetime_flip_down
Advancing time: Day 14 ( Night)
Playing animation datetime_flip_up then datetime_flip_down
Validating room: Seahut2
Releasing room Floatplane (UnityEngine.GameObject)
Playing animation location_exit_up then location_enter_up
Starting conversation 037_MinaGaming with myself
Triggered event add=jack, 6
Triggered event setzoominstant=sit_laptop
Triggered event add=jack, 8
The referenced script on this Behaviour (Game Object '<null>') is missing!
The referenced script on this Behaviour (Game Object '0') is missing!
The referenced script on this Behaviour (Game Object '0') is missing!
Triggered event pipflip=mina, 9
Triggered event pipflip=misun, 9
Character Spine Default destroyed
Character Spine Default_ForPIP destroyed
The referenced script on this Behaviour (Game Object '<null>') is missing!
The referenced script on this Behaviour (Game Object '0') is missing!
The referenced script on this Behaviour (Game Object '0') is missing!
Triggered event pipflip=mina, 9
Character Spine default destroyed
Triggered event pipflip=misun, 9
Character Spine Default_ForPIP destroyed
The referenced script on this Behaviour (Game Object '<null>') is missing!
The referenced script on this Behaviour (Game Object '0') is missing!
The referenced script on this Behaviour (Game Object '0') is missing!
Triggered event pipflip=mina, 9
Character Spine default destroyed
Triggered event pipflip=misun, 9
Character Spine Default_ForPIP destroyed
The referenced script on this Behaviour (Game Object '<null>') is missing!
The referenced script on this Behaviour (Game Object '0') is missing!
The referenced script on this Behaviour (Game Object '0') is missing!
Triggered event pipflip=mina, 9
Character Spine default destroyed
Triggered event pipflip=misun, 9
Character Spine Default_ForPIP destroyed
The referenced script on this Behaviour (Game Object '<null>') is missing!
The referenced script on this Behaviour (Game Object '0') is missing!
The referenced script on this Behaviour (Game Object '0') is missing!
Triggered event pipflip=mina, 9
Character Spine default destroyed
Triggered event pipflip=misun, 9
Character Spine Default_ForPIP destroyed
The referenced script on this Behaviour (Game Object '<null>') is missing!
The referenced script on this Behaviour (Game Object '0') is missing!
The referenced script on this Behaviour (Game Object '0') is missing!
Triggered event pipflip=mina, 9
Character Spine default destroyed
Triggered event pipflip=misun, 9
Character Spine Default_ForPIP destroyed
The referenced script on this Behaviour (Game Object '<null>') is missing!
The referenced script on this Behaviour (Game Object '0') is missing!
The referenced script on this Behaviour (Game Object '0') is missing!
Triggered event pipflip=mina, 9
Character Spine default destroyed
Triggered event pipflip=misun, 9
Character Spine Default_ForPIP destroyed
The referenced script on this Behaviour (Game Object '<null>') is missing!
The referenced script on this Behaviour (Game Object '0') is missing!
The referenced script on this Behaviour (Game Object '0') is missing!
Triggered event pipflip=mina, 9
Character Spine default destroyed
Triggered event pipflip=misun, 9
Character Spine Default_ForPIP destroyed
The referenced script on this Behaviour (Game Object '<null>') is missing!
The referenced script on this Behaviour (Game Object '0') is missing!
The referenced script on this Behaviour (Game Object '0') is missing!
Triggered event pipflip=mina, 9
Character Spine default destroyed
Triggered event pipflip=misun, 9
Character Spine Default_ForPIP destroyed
The referenced script on this Behaviour (Game Object '<null>') is missing!
The referenced script on this Behaviour (Game Object '0') is missing!
The referenced script on this Behaviour (Game Object '0') is missing!
Triggered event pipflip=mina, 9
Character Spine default destroyed
Triggered event pipflip=misun, 9
Character Spine Default_ForPIP destroyed
The referenced script on this Behaviour (Game Object '<null>') is missing!
The referenced script on this Behaviour (Game Object '0') is missing!
The referenced script on this Behaviour (Game Object '0') is missing!
Triggered event pipflip=mina, 9
Character Spine default destroyed
Triggered event pipflip=misun, 9
Character Spine Default_ForPIP destroyed
The referenced script on this Behaviour (Game Object '<null>') is missing!
The referenced script on this Behaviour (Game Object '0') is missing!
The referenced script on this Behaviour (Game Object '0') is missing!
Triggered event pipflip=mina, 9
Character Spine default destroyed
Triggered event pipflip=misun, 9
Character Spine Default_ForPIP destroyed
Triggered event startspanking=tori_001
Triggered event setzoom=-1
Triggered event add=jack, 2
Playing animation QuestNotification
Playing animation hide_during_notification
Invalid animation hide_during_notification
Triggered event triggerquest=minagaming_2
Triggered event removepip
Character Spine default destroyed
Playing Spine tori_glamshot_trenchcoat_1_begin
Playing Spine tori_glamshot_trenchcoat_1_loop
Playing Spine tori_glamshot_trenchcoat_2_begin
Playing Spine tori_glamshot_trenchcoat_3_begin
Playing Spine tori_glamshot_trenchcoat_4
Playing Spine tori_glamshot_trenchcoat_5_begin
Playing Spine tori_glamshot_trenchcoat_5_loop
Playing Spine tori_glamshot_trenchcoat_5_loop
Playing Spine tori_glamshot_trenchcoat_5_loop
Playing Spine tori_glamshot_trenchcoat_5_loop
Playing Spine tori_glamshot_trenchcoat_5_loop
Playing Spine 01_idle_start_normalhead
Playing Spine 01_idle_start_normalhead
Playing Spine 01_idle_start_normalhead
Playing Spine 01_idle_start_normalhead
Playing Spine 01_idle_start_normalhead
Playing Spine 01_idle_start_normalhead
Playing Spine 01_idle_start_normalhead
Playing Spine 01_idle_start_normalhead
Playing Spine 01_idle_start_normalhead
Playing Spine 01_idle_start_normalhead
Playing Spine 01_idle_start_normalhead
Playing Spine 01_idle_start_normalhead
Playing Spine 01_idle_start_normalhead
Playing Spine 01_idle_start_normalhead
Playing Spine 03_insert_dick
Playing Spine 04_insert_dick_idle
Playing Spine 04_insert_dick_idle
Playing Spine 05_blow_slow
Playing Spine 05_blow_slow
Playing Spine 05_blow_slow
Playing Spine 05_blow_slow
Playing Spine 05_blow_slow
Playing Spine 05_blow_slow
Playing Spine 05_blow_slow
Playing Spine 05_blow_slow
Playing Spine 06_blow_fast
Playing Spine 06_blow_fast
Playing Spine 06_blow_fast
Playing Spine 06_blow_fast
Playing Spine 06_blow_fast
Playing Spine 06_blow_fast
Playing Spine 06_blow_fast
Playing Spine 06_blow_fast
Playing Spine 06_blow_fast
Playing Spine 06_blow_fast
Playing Spine 06_blow_fast
Playing Spine 06_blow_fast
Playing Spine 06_blow_fast
Playing Spine 06_blow_fast
Playing Spine 06_blow_fast
Playing Spine 06_blow_fast
Playing Spine 06_blow_fast
Playing Spine 06_blow_fast
Playing Spine 06_blow_fast
Playing Spine 06_blow_fast
Playing Spine 06_blow_fast
Playing Spine 06_blow_fast
Playing Spine 06_blow_fast
Playing Spine 06_blow_fast
Playing Spine 06_blow_fast
Playing Spine 07_cum_in_mouth
Playing Spine 08_cum_in_mouth_idle
Playing Spine 08_cum_in_mouth_idle
Playing Spine 08_cum_in_mouth_idle
Playing Spine 02_idle_start_touchlips
Playing Spine 02_idle_start_touchlips
Playing Spine 02_idle_start_touchlips
Playing Spine 02_idle_start_touchlips
Playing Spine 02_idle_start_touchlips
Playing Spine 02_idle_start_touchlips
Playing Spine 02_idle_start_touchlips
Playing Spine 02_idle_start_touchlips
Playing Spine 02_idle_start_touchlips
Playing Spine 02_idle_start_touchlips
Playing Spine 01_idle_start
Playing Spine 01_idle_start
Playing Spine 01_idle_start
Playing Spine 01_idle_start
Playing Spine 01_idle_start
Playing Spine 01_idle_start
Playing Spine 01_idle_start
Playing Spine 01_idle_start
Playing Spine 01_idle_start
Playing Spine 01_idle_start
Playing Spine 01_idle_start
Playing Spine 01_idle_start
Playing Spine 01_idle_start
Playing Spine 01_idle_start
Playing Spine 02_insert_dick
Playing Spine 03_insert_dick_idle
Playing Spine 03_insert_dick_idle
Playing Spine 03_insert_dick_idle
Playing Spine 03_insert_dick_idle
Playing Spine 03_insert_dick_idle
Playing Spine 03_insert_dick_idle
Playing Spine 04_fuck_slow
Playing Spine 04_fuck_slow
Playing Spine 04_fuck_slow
Playing Spine 04_fuck_slow
Playing Spine 04_fuck_slow
Playing Spine 04_fuck_slow
Playing Spine 04_fuck_slow
Playing Spine 05_fuck_fast
Playing Spine 05_fuck_fast
Playing Spine 05_fuck_fast
Playing Spine 05_fuck_fast
Playing Spine 05_fuck_fast
Playing Spine 05_fuck_fast
Playing Spine 05_fuck_fast
Playing Spine 05_fuck_fast
Playing Spine 05_fuck_fast
Playing Spine 05_fuck_fast
Playing Spine 05_fuck_fast
Playing Spine 05_fuck_fast
Playing Spine 05_fuck_fast
Playing Spine 05_fuck_fast
Playing Spine 05_fuck_fast
Playing Spine 05_fuck_fast
Playing Spine 05_fuck_fast
Playing Spine 05_fuck_fast
Playing Spine 05_fuck_fast
Playing Spine 05_fuck_fast
Playing Spine 05_fuck_fast
Playing Spine 05_fuck_fast
Playing Spine 05_fuck_fast
Playing Spine 05_fuck_fast
Playing Spine 05_fuck_fast
Playing Spine 05_fuck_fast
Playing Spine 05_fuck_fast
Playing Spine 05_fuck_fast
Playing Spine 05_fuck_fast
Playing Spine 05_fuck_fast
Playing Spine 05_fuck_fast
Playing Spine 05_fuck_fast
Playing Spine 05_fuck_fast
Playing Spine 06_cum_inside
Playing Spine 07_cum_inside_idle
Playing Spine 07_cum_inside_idle
Playing Spine 07_cum_inside_idle
Playing Spine 07_cum_inside_idle
Playing Spine 07_cum_inside_idle
Playing Spine 08_pullout
Playing Spine 09_pullout_idle
Playing Spine 09_pullout_idle
Playing Spine 09_pullout_idle
Validating room: Seahut2_bedtop
Releasing room Resort (UnityEngine.GameObject)
Validating room: Seahut2_bedtop
Validating room: Seahut2_bedtop
Playing animation location_exit_up then location_enter_up
Triggered event setblackout=0
Triggered event stopspanking
Character Spine 875fb1dd8d8c4424983be05434d7c05e destroyed
Character Spine 70e21fdefd668b141bd8dfc8d0c6a6ec destroyed
Character Spine 875fb1dd8d8c4424983be05434d7c05e destroyed
Character Spine 70e21fdefd668b141bd8dfc8d0c6a6ec destroyed
Character Spine 875fb1dd8d8c4424983be05434d7c05e destroyed
Validating room: Seahut2
Validating room: Seahut2
Validating room: Seahut2
Playing animation location_exit_up then location_enter_up
Playing animation datetime_flip_up then datetime_flip_down
Triggered event advanceday
Triggered event add=jack, 2
Triggered event setblackout=0
Triggered event sfx=phoneringloop
Triggered event stopsfx
Playing animation open_handphone
Triggered event message=game_night, game_night_tori
Playing animation conversation_popout_full
Starting conversation 038_MinaGaming2 with myself
Triggered event closehp
Triggered event add=jack, 2
Playing animation QuestNotification
Playing animation hide_during_notification
Invalid animation hide_during_notification
Triggered event triggerquest=torierik_1
Playing animation conversation_popout_full
Playing animation open_handphone
Playing animation close_handphone
Playing animation OpenQuestUI
Playing animation CloseQuestUI
Validating room: map
Playing animation location_exit_up then location_enter_up
Validating room: Lounge
Releasing room Lobby (UnityEngine.GameObject)
Playing animation location_exit_up then location_enter_up
Starting conversation 039_ToriErik with myself
Triggered event add=jack, 1
Triggered event add=tori, 3
Validating room: MainMenu
Playing animation location_exit_up then location_enter_up
Playing animation conversation_popout_full
Playing animation conversation_popout_full
Hiding Main Menu
Material SpankBankMat doesn't have _Stencil property
Material InactiveSpankBankMat doesn't have _Stencil property
Material InactiveSpankBankMat doesn't have _Stencil property
Material InactiveSpankBankMat doesn't have _Stencil property
Material InactiveSpankBankMat doesn't have _Stencil property
Material InactiveSpankBankMat doesn't have _Stencil property
Material InactiveSpankBankMat doesn't have _Stencil property
Material InactiveSpankBankMat doesn't have _Stencil property
Material InactiveSpankBankMat doesn't have _Stencil property
Material InactiveSpankBankMat doesn't have _Stencil property
Material InactiveSpankBankMat doesn't have _Stencil property
Material InactiveSpankBankMat doesn't have _Stencil property
Material InactiveSpankBankMat doesn't have _Stencil property
Material InactiveSpankBankMat doesn't have _Stencil property
Material InactiveSpankBankMat doesn't have _Stencil property
Material InactiveSpankBankMat doesn't have _Stencil property
Material InactiveSpankBankMat doesn't have _Stencil property
Material InactiveSpankBankMat doesn't have _Stencil property
Material SpankBankMat doesn't have _Stencil property
Material InactiveSpankBankMat doesn't have _Stencil property
Material InactiveSpankBankMat doesn't have _Stencil property
Validating room: Lounge
Playing animation location_exit_up then location_enter_up
Validating room: Lounge
Validating room: Lounge
Playing animation frontend_topleft_enter
Playing animation frontend_topright_enter
Playing animation frontend_topcenter_enter
Invalid animation frontend_topcenter_enter
Playing animation datetime_flip_down
Hiding Main Menu
Validating room: Lounge
Playing animation location_exit_up then location_enter_up
Validating room: Lobby
Releasing room Room21 (UnityEngine.GameObject)
Validating room: Lobby
Validating room: Lobby
Playing animation location_exit_up then location_enter_up
Triggered event add=tori, 1
Triggered event add=jack, 0
Triggered event add=erik, 3
Triggered event add=tori, 0
Triggered event add=jack ,1
Triggered event remove=erik
Triggered event add=jack, 2
Playing animation QuestNotification
Playing animation hide_during_notification
Invalid animation hide_during_notification
Triggered event triggerquest=torierik_2
Playing animation conversation_popout_full
Playing animation OpenQuestUI
Playing animation CloseQuestUI
Advancing time: Day 15 ( Day)
Playing animation datetime_flip_up then datetime_flip_down
Advancing time: Day 15 ( Evening)
Playing animation datetime_flip_up then datetime_flip_down
Advancing time: Day 15 ( Night)
Playing animation datetime_flip_up then datetime_flip_down
Validating room: Seahut2
Playing animation location_exit_up then location_enter_up
Starting conversation BasicSleep with myself
Validating room: Seahut2
Triggered event clearfailsafe
Queuing conversation alone_dreams (BrightBit.Conversation)
Triggered event generatedreamflags
Triggered event advancetonight
Starting conversation alone_dreams with myself
Playing animation datetime_flip_up then datetime_flip_down
Triggered event advanceday
Validating room: Seahut2
Playing animation conversation_popout_full
Starting conversation hotfixes with myself
Starting conversation 040_FreyaIntro with myself
Triggered event add=jack, 2
Validating room: ResortBeach
Releasing room Hall (UnityEngine.GameObject)
Validating room: ResortBeach
Validating room: ResortBeach
Playing animation location_exit_up then location_enter_up
Playing Spine freya_glamshot_volleyball
Playing Spine freya_glamshot_volleyball
Playing Spine freya_glamshot_volleyball
Playing Spine freya_glamshot_volleyball
Playing Spine freya_glamshot_volleyball
Triggered event add=jack, 2
Triggered event add=jack, 1
Triggered event add=freya, 3
Triggered event setfreyaname
Can't click through because of EnterCharacterName
Validating room: Resort
Releasing room SeaHut2_bedtop (UnityEngine.GameObject)
Validating room: Resort
Validating room: Resort
Playing animation location_exit_up then location_enter_up
Triggered event add=jack, 3
Triggered event add=freya, 4
Validating room: Lobby_desk
Character Spine Default(Clone) destroyed
Character Spine Default(Clone) destroyed
Character Spine Default(Clone) destroyed
Releasing room Lounge (UnityEngine.GameObject)
Validating room: Lobby_desk
Validating room: Lobby_desk
Playing animation location_exit_up then location_enter_up
Triggered event add=olga, 1
Triggered event add=jack, 6
Triggered event add=freya, 7
Triggered event add=jack, 7
Triggered event add=freya, 6
Validating room: Pool
Releasing room Lobby (UnityEngine.GameObject)
Validating room: Pool
Validating room: Pool
Playing animation location_exit_up then location_enter_up
Triggered event add=jack, 1
Triggered event add=freya, 0
Triggered event remove=olga
Validating room: Room33
Releasing room SeaHut2 (UnityEngine.GameObject)
Validating room: Room33
Validating room: Room33
Playing animation location_exit_up then location_enter_up
Triggered event add=jack, 3
Triggered event add=freya, 2
Triggered event add=freya, 1
Validating room: Pool
Validating room: Pool
Validating room: Pool
Playing animation location_exit_up then location_enter_up
Triggered event add=freya, 0
Triggered event add=jack, 1
Triggered event add=rachel, 3
Triggered event add=grace, 4
Triggered event add=jack ,0
Triggered event remove=freya, rachel
Character Spine c212a567201448e4ba7a5585ddd195e0 destroyed
Triggered event add=rachel,3
Triggered event add=freya,2
Character Spine 32a4a18b2e79ef540807fee624ff57d1 destroyed
Triggered event add=freya, 2
Triggered event add=rachel, 3
Triggered event add=grace, 4
Triggered event add=jack, 1
Triggered event add=freya, 0
Triggered event remove=freya
Triggered event remove=rachel
Triggered event remove=grace
Triggered event add=jack, 2
Validating room: Room33
Validating room: Room33
Validating room: Room33
Playing animation location_exit_up then location_enter_up
Triggered event add=freya, 1
Triggered event add=jack, 3
Validating room: Quadplex
Releasing room ResortBeach (UnityEngine.GameObject)
Validating room: Quadplex
Validating room: Quadplex
Playing animation location_exit_up then location_enter_up
Triggered event remove=freya
Triggered event add=jack, 2
Advancing time: Day 16 ( Day)
Playing animation datetime_flip_up then datetime_flip_down
Triggered event advancetime
Playing animation QuestNotification
Playing animation hide_during_notification
Invalid animation hide_during_notification
Triggered event triggerquest=freyadrunk_1
Playing animation conversation_popout_full
Playing animation OpenQuestUI
Playing animation CloseQuestUI
Advancing time: Day 16 ( Evening)
Playing animation datetime_flip_up then datetime_flip_down
Advancing time: Day 16 ( Night)
Playing animation datetime_flip_up then datetime_flip_down
Validating room: Seahut2
Releasing room Resort (UnityEngine.GameObject)
Playing animation location_exit_up then location_enter_up
Starting conversation BasicSleep with myself
Validating room: Seahut2
Triggered event clearfailsafe
Queuing conversation alone_dreams (BrightBit.Conversation)
Triggered event generatedreamflags
Triggered event advancetonight
Starting conversation alone_dreams with myself
Queuing conversation 041_FreyaDrunk (BrightBit.Conversation)
Triggered event queueconversation=041_freyadrunk
Starting conversation 041_FreyaDrunk with myself
Triggered event add=jack, 5
Validating room: ResortBeach
Releasing room lobby_desk (UnityEngine.GameObject)
Validating room: ResortBeach
Validating room: ResortBeach
Playing animation location_exit_up then location_enter_up
Triggered event add=jack, 1
Triggered event add=freya, 3
Validating room: ResortBeach_closeup
Character Spine jack+freya_beachdrink_jack(Clone) destroyed
Character Spine Default(Clone) destroyed
Character Spine Default(Clone) destroyed
Releasing room Pool (UnityEngine.GameObject)
Validating room: ResortBeach_closeup
Validating room: ResortBeach_closeup
Playing animation location_exit_up then location_enter_up
Triggered event remove=jack, freya
Character Spine 2a0e05c034648904991ffe00241f22cf destroyed
Character Spine fd11db126c1db494585e72d66988065c destroyed
Character Spine 2a0e05c034648904991ffe00241f22cf destroyed
Character Spine fd11db126c1db494585e72d66988065c destroyed
Character Spine 2a0e05c034648904991ffe00241f22cf destroyed
Character Spine fd11db126c1db494585e72d66988065c destroyed
Character Spine 2a0e05c034648904991ffe00241f22cf destroyed
Character Spine 0d8e3613d7313a546881a33088a228bb destroyed
Character Spine 2a0e05c034648904991ffe00241f22cf destroyed
Character Spine fd11db126c1db494585e72d66988065c destroyed
Character Spine 2a0e05c034648904991ffe00241f22cf destroyed
Character Spine 0d8e3613d7313a546881a33088a228bb destroyed
Character Spine 2a0e05c034648904991ffe00241f22cf destroyed
Character Spine 0d8e3613d7313a546881a33088a228bb destroyed
Character Spine 2a0e05c034648904991ffe00241f22cf destroyed
Character Spine fd11db126c1db494585e72d66988065c destroyed
Character Spine 2a0e05c034648904991ffe00241f22cf destroyed
Character Spine fd11db126c1db494585e72d66988065c destroyed
Character Spine 2a0e05c034648904991ffe00241f22cf destroyed
Character Spine fd11db126c1db494585e72d66988065c destroyed
Character Spine 2a0e05c034648904991ffe00241f22cf destroyed
Character Spine 0d8e3613d7313a546881a33088a228bb destroyed
Character Spine 2a0e05c034648904991ffe00241f22cf destroyed
Character Spine fd11db126c1db494585e72d66988065c destroyed
Character Spine 2a0e05c034648904991ffe00241f22cf destroyed
Character Spine fd11db126c1db494585e72d66988065c destroyed
Triggered event add=jack, 6
Triggered event add=freya, 7
Character Spine 2a0e05c034648904991ffe00241f22cf destroyed
Validating room: Resort
Releasing room Room33 (UnityEngine.GameObject)
Validating room: Resort
Validating room: Resort
Playing animation location_exit_up then location_enter_up
Triggered event add=jack, 1
Triggered event add=freya, 3
Validating room: Pool
Releasing room Quadplex (UnityEngine.GameObject)
Validating room: Pool
Validating room: Pool
Playing animation location_exit_up then location_enter_up
Triggered event add=freya, 1
Triggered event add=jack, 3
Validating room: Quadplex
Releasing room SeaHut2 (UnityEngine.GameObject)
Validating room: Quadplex
Validating room: Quadplex
Playing animation location_exit_up then location_enter_up
Validating room: Room33
Releasing room ResortBeach (UnityEngine.GameObject)
Validating room: Room33
Validating room: Room33
Playing animation location_exit_up then location_enter_up
Triggered event add=freya, 1
Triggered event add=jack, 3
Validating room: Quadplex
Validating room: Quadplex
Validating room: Quadplex
Playing animation location_exit_up then location_enter_up
Triggered event add=jack, 2
Triggered event remove=freya
Playing animation QuestNotification
Playing animation hide_during_notification
Invalid animation hide_during_notification
Triggered event triggerquest=freyadrunk_2
Triggered event triggerquest=checkfreya_1
Playing animation QuestNotification
Playing animation hide_during_notification
Invalid animation hide_during_notification
Validating room: Seahut2
Releasing room ResortBeach_closeup (UnityEngine.GameObject)
Validating room: Seahut2
Validating room: Seahut2
Playing animation location_exit_up then location_enter_up
Playing animation conversation_popout_full
Starting conversation BasicSleep with myself
Validating room: Seahut2
Triggered event clearfailsafe
Queuing conversation alone_dreams (BrightBit.Conversation)
Triggered event generatedreamflags
Triggered event advancetonight
Starting conversation alone_dreams with myself
Playing animation datetime_flip_up then datetime_flip_down
Triggered event advanceday
Validating room: Seahut2
Playing animation conversation_popout_full
Starting conversation hotfixes with myself
Playing animation conversation_popout_full
Playing animation OpenQuestUI
Validating room: map
Playing animation location_exit_up then location_enter_up
Playing animation CloseQuestUI
Validating room: Cove
Releasing room Resort (UnityEngine.GameObject)
Playing animation location_exit_up then location_enter_up
Starting conversation 042_CheckFreya with myself
Triggered event add=jack, 1
Triggered event add=freya, 3
Playing animation QuestNotification
Playing animation hide_during_notification
Invalid animation hide_during_notification
Triggered event triggerquest=checkfreya_2
Triggered event remove=freya
Playing animation QuestNotification
Playing animation hide_during_notification
Invalid animation hide_during_notification
Triggered event triggerquest=freyadrunksex_1
Triggered event advancetime
Playing animation conversation_popout_full
Advancing time: Day 17 ( Day)
Playing animation datetime_flip_up then datetime_flip_down
Playing animation OpenQuestUI
Playing animation CloseQuestUI
Advancing time: Day 17 ( Evening)
Playing animation datetime_flip_up then datetime_flip_down
Advancing time: Day 17 ( Night)
Playing animation datetime_flip_up then datetime_flip_down
Validating room: Seahut2
Playing animation location_exit_up then location_enter_up
Starting conversation 043_FreyaDrunkSex with myself
Triggered event add=jack, 2
Triggered event sfx=door_knock
Validating room: ResortBeach
Releasing room Pool (UnityEngine.GameObject)
Validating room: ResortBeach
Validating room: ResortBeach
Playing animation location_exit_up then location_enter_up
Triggered event add=jack, 1
Triggered event add=freya, 3
Triggered event add=freya, 0
Triggered event add=freya, 2
Triggered event add=jack, 3
Triggered event startspanking=freya_001
Playing Spine 01_idle_start
Playing Spine 01_idle_start
Playing Spine 01_idle_start
Playing Spine 01_idle_start
Playing Spine 01_idle_start
Playing Spine 01_idle_start
Playing Spine 01_idle_start
Playing Spine 02_insert_dick
Playing Spine 03_insert_dick_idle
Playing Spine 03_insert_dick_idle
Playing Spine 04_fuck_slow
Playing Spine 04_fuck_slow
Playing Spine 04_fuck_slow
Playing Spine 04_fuck_slow
Playing Spine 04_fuck_slow
Playing Spine 04_fuck_slow
Playing Spine 05_fuck_fast
Playing Spine 05_fuck_fast
Playing Spine 05_fuck_fast
Playing Spine 05_fuck_fast
Playing Spine 05_fuck_fast
Playing Spine 05_fuck_fast
Playing Spine 05_fuck_fast
Playing Spine 05_fuck_fast
Playing Spine 05_fuck_fast
Playing Spine 05_fuck_fast
Playing Spine 05_fuck_fast
Playing Spine 05_fuck_fast
Playing Spine 05_fuck_fast
Playing Spine 05_fuck_fast
Playing Spine 05_fuck_fast
Playing Spine 05_fuck_fast
Playing Spine 05_fuck_fast
Playing Spine 05_fuck_fast
Playing Spine 06_cum_inside
Playing Spine 06_cum_inside_idle
Playing Spine 06_cum_inside_idle
Playing Spine 06_cum_inside_idle
Playing Spine 06_cum_inside_idle
Playing Spine 06_cum_inside_idle
Playing Spine 06_cum_inside_idle
Playing Spine 06_pullout_dick
Playing Spine 06_pullout_dick_idle
Playing Spine 06_pullout_dick_idle
Playing Spine 06_pullout_dick_idle
Playing Spine 06_pullout_dick_idle
Playing Spine 06_pullout_dick_idle
Playing Spine 06_pullout_dick_idle
Playing Spine 06_pullout_dick_idle
Playing Spine 02_insert_dick
Playing Spine 03_insert_dick_idle
Playing Spine 03_insert_dick_idle
Playing Spine freya_drunk_sex_1
Playing Spine freya_drunk_sex_1
Playing Spine freya_drunk_sex_1
Playing Spine freya_drunk_sex_1
Playing Spine freya_drunk_sex_1
Playing Spine freya_drunk_sex_1
Playing Spine freya_drunk_sex_1
Playing Spine freya_drunk_sex_1
Playing Spine freya_drunk_sex_1
Playing Spine freya_drunk_sex_1
Playing Spine freya_drunk_sex_2
Triggered event add=scarlett, 3
Triggered event add=jack, 1
Triggered event add=freya, 0
Triggered event setblackout=0
Triggered event stopspanking
Triggered event add=scarlett, 4
Triggered event remove=scarlett
Triggered event add=freya, 1
Triggered event add=jack, 2
Triggered event remove=freya
Playing animation QuestNotification
Playing animation hide_during_notification
Invalid animation hide_during_notification
Triggered event triggerquest=freyadrunksex_2
Validating room: Seahut2
Validating room: Seahut2
Validating room: Seahut2
Playing animation location_exit_up then location_enter_up
Triggered event triggerquest=freyamorningafter_1
Playing animation conversation_popout_full
Playing animation QuestNotification
Playing animation hide_during_notification
Invalid animation hide_during_notification
Playing animation OpenQuestUI
Playing animation CloseQuestUI
Starting conversation BasicSleep with myself
Validating room: Seahut2
Triggered event clearfailsafe
Queuing conversation alone_dreams (BrightBit.Conversation)
Triggered event generatedreamflags
Triggered event advancetonight
Starting conversation alone_dreams with myself
Playing animation datetime_flip_up then datetime_flip_down
Triggered event advanceday
Validating room: Seahut2
Playing animation conversation_popout_full
Starting conversation hotfixes with myself
Playing animation conversation_popout_full
Playing animation OpenQuestUI
Playing animation CloseQuestUI
Validating room: ResortBeach
Playing animation location_exit_up then location_enter_up
Playing animation OpenQuestUI
Playing animation CloseQuestUI
Advancing time: Day 18 ( Day)
Playing animation datetime_flip_up then datetime_flip_down
Advancing time: Day 18 ( Evening)
Playing animation datetime_flip_up then datetime_flip_down
Advancing time: Day 18 ( Night)
Playing animation datetime_flip_up then datetime_flip_down
Validating room: Seahut2
Playing animation location_exit_up then location_enter_up
Starting conversation 047_MisunArrives with myself
Triggered event add=jack, 2
Triggered event sfx=phoneringloop
Triggered event stopsfx
The referenced script on this Behaviour (Game Object '<null>') is missing!
The referenced script on this Behaviour (Game Object '0') is missing!
The referenced script on this Behaviour (Game Object '0') is missing!
Triggered event pipflip=mina, 3
Validating room: Bar
Releasing room Room33 (UnityEngine.GameObject)
Validating room: Bar
Validating room: Bar
Playing animation location_exit_up then location_enter_up
Triggered event removepip
Triggered event add=jack, 1
Triggered event add=misun, 3
Triggered event add=mina, 4
Character Spine Default_ForPIP destroyed
Triggered event add=misun,2
Triggered event remove=misun
Triggered event add=misun, 2
Validating room: Bar_closeup
Releasing room Quadplex (UnityEngine.GameObject)
Validating room: Bar_closeup
Validating room: Bar_closeup
Playing animation location_exit_up then location_enter_up
Triggered event add=mina, 1
Triggered event add=jack, 12
Triggered event add=misun, 13
Triggered event remove=misun
Validating room: Backroom
Releasing room Cove (UnityEngine.GameObject)
Validating room: Backroom
Validating room: Backroom
Playing animation location_exit_up then location_enter_up
Triggered event add=mina, 1
Triggered event add=jack, 3
Trying to load minigame: dtp_minadrawer
Triggered event startmg=dtp_minadrawer
Playing animation conversation_popout_full
Successfully loaded minigame: dtp_minadrawer
Validating room: Minigames
Playing animation location_exit_up then location_enter_up
Starting conversation 047a_FoundLube with myself
Playing animation conversation_popout_full
Playing animation minigame_complete
Playing animation frontend_topleft_enter
Playing animation frontend_topright_enter
Playing animation frontend_topcenter_enter
Invalid animation frontend_topcenter_enter
Playing animation datetime_flip_down
Validating room: Backroom
Playing animation location_exit_up then location_enter_up
Starting conversation 048_MinaOil with myself
Triggered event add=mina, 1
Triggered event add=jack, 3
Triggered event add=mina, 2
Triggered event remove=mina
Triggered event add=mina, 2
Validating room: Beach
Releasing room ResortBeach (UnityEngine.GameObject)
Validating room: Beach
Validating room: Beach
Playing animation location_exit_up then location_enter_up
Triggered event remove=mina
Triggered event add=jack, 2
Playing animation QuestNotification
Playing animation hide_during_notification
Invalid animation hide_during_notification
Triggered event triggerquest=minaoil_1
Playing animation conversation_popout_full
Validating room: Seahut2
Playing animation location_exit_up then location_enter_up
Starting conversation BasicSleep with myself
Validating room: Seahut2
Triggered event clearfailsafe
Queuing conversation alone_dreams (BrightBit.Conversation)
Triggered event generatedreamflags
Triggered event advancetonight
Starting conversation alone_dreams with myself
Playing animation datetime_flip_up then datetime_flip_down
Triggered event advanceday
Validating room: Seahut2
Playing animation conversation_popout_full
Starting conversation hotfixes with myself
Playing animation conversation_popout_full
Playing animation OpenQuestUI
Playing animation CloseQuestUI
Validating room: map
Playing animation location_exit_up then location_enter_up
Validating room: Garden
Releasing room Bar (UnityEngine.GameObject)
Playing animation location_exit_up then location_enter_up
Starting conversation 049_MinaOil2 with myself
Triggered event add=jack, 1
Triggered event add=andrea, 3
Validating room: SplitPaths
Releasing room Bar_closeup (UnityEngine.GameObject)
Validating room: SplitPaths
Validating room: SplitPaths
Playing animation location_exit_up then location_enter_up
Triggered event add=jack, 3
Triggered event add=andrea, 4
Triggered event add=jack, 2
Triggered event add=andrea, 3
Validating room: Ravine
Releasing room Backroom (UnityEngine.GameObject)
Validating room: Ravine
Validating room: Ravine
Playing animation location_exit_up then location_enter_up
Triggered event add=jack, 3
Triggered event add=andrea, 4
Triggered event add=jack, 2
Validating room: Beach
Validating room: Beach
Validating room: Beach
Playing animation location_exit_up then location_enter_up
Triggered event add=jack, 1
Triggered event add=andrea, 0
Playing Spine sofia_glamshot_yoga
Playing Spine sofia_glamshot_yoga
Playing Spine sofia_glamshot_yoga
Playing Spine sofia_glamshot_yoga
Playing Spine sofia_glamshot_yoga
Triggered event add=andrea, 0
Triggered event add=jack, 1
Triggered event add=sophia, 3
Advancing time: Day 19 ( Day)
Playing animation datetime_flip_up then datetime_flip_down
Triggered event advancetime
Playing animation QuestNotification
Playing animation hide_during_notification
Invalid animation hide_during_notification
Triggered event triggerquest=sophiayoga_2
Triggered event triggerquest=minaoil_2
Triggered event triggerquest=sophiaactivity_1
Playing animation conversation_popout_full
Playing animation QuestNotification
Playing animation hide_during_notification
Invalid animation hide_during_notification
Playing animation OpenQuestUI
Playing animation QuestNotification
Playing animation hide_during_notification
Invalid animation hide_during_notification
Playing animation CloseQuestUI
Playing animation OpenQuestUI
Playing animation CloseQuestUI
Validating room: map
Playing animation location_exit_up then location_enter_up
Validating room: YogaSala
Releasing room SeaHut2 (UnityEngine.GameObject)
Playing animation location_exit_up then location_enter_up
Starting conversation yoga_with_sophia with myself
Triggered event add=jack, 1
Triggered event add=sophia, 3
Validating room: YogaSala
Playing Spine jack+sophia_activity_yoga
Playing Spine jack+sophia_activity_yoga
Playing Spine jack+sophia_activity_yoga
Triggered event cash=75
Playing Spine jack+sophia_activity_yoga
Queuing conversation 050_SophiaMassage (BrightBit.Conversation)
Triggered event queueconversation=050_sophiamassage
Starting conversation 050_SophiaMassage with myself
Advancing time: Day 19 ( Evening)
Advancing time: Day 19 ( Night)
Playing animation datetime_flip_up then datetime_flip_down
Triggered event advancetonight
Triggered event add=jack, 1
Triggered event add=sophia, 3
Playing animation QuestNotification
Playing animation hide_during_notification
Invalid animation hide_during_notification
Triggered event triggerquest=sophiaactivity_2
Triggered event add=sophia, 4
Triggered event remove=sophia
Triggered event add=vivian, 0
Triggered event add=jack, 2
Playing animation QuestNotification
Playing animation hide_during_notification
Invalid animation hide_during_notification
Triggered event triggerquest=viviansunbeach_1
Triggered event remove=vivian
Triggered event add=jack, 1
Triggered event startspanking=sophia_001
Triggered event add=jack, 1
Triggered event add=sophia, 3
Validating room: YogaSala_massage
Releasing room Garden (UnityEngine.GameObject)
Validating room: YogaSala_massage
Validating room: YogaSala_massage
Playing animation location_exit_up then location_enter_up
Character Spine b4933f0909292e0439e3523ad75aac41 destroyed
Character Spine 0d2962ca7630cdb4a808614f9fe7c950 destroyed
Character Spine b4933f0909292e0439e3523ad75aac41 destroyed
Character Spine 0d2962ca7630cdb4a808614f9fe7c950 destroyed
Validating room: YogaSala
Validating room: YogaSala
Validating room: YogaSala
Playing animation location_exit_up then location_enter_up
Triggered event add=jack, 1
Triggered event add=sophia, 3
Character Spine b4933f0909292e0439e3523ad75aac41 destroyed
Triggered event gainitem=mina_lube, 1
Playing animation QuestNotification
Playing animation hide_during_notification
Invalid animation hide_during_notification
Triggered event triggerquest=minaoil_3
Triggered event stopspanking
Playing animation conversation_popout_full
Validating room: map
Playing animation location_exit_up then location_enter_up
Validating room: Backroom
Releasing room SplitPaths (UnityEngine.GameObject)
Playing animation location_exit_up then location_enter_up
Starting conversation 051_MinaOil3 with myself
Validating room: Backroom
Triggered event add=jack, 1
Triggered event add=mina, 3
Triggered event startspanking=mina_001
Validating room: Backroom
Triggered event loseitem=mina_lube, 1
Playing Spine mina_analtraining_leadin_01
Playing Spine mina_analtraining_leadin_01
Playing Spine mina_analtraining_leadin_01
Playing Spine mina_analtraining_leadin_01
Playing Spine mina_analtraining_leadin_01
Playing Spine mina_analtraining_leadin_01
Playing Spine mina_analtraining_leadin_02
Playing Spine mina_analtraining_leadin_02
Playing Spine mina_analtraining_leadin_02
Playing Spine mina_analtraining_leadin_02
Playing Spine mina_analtraining_leadin_02
Playing Spine mina_analtraining_leadin_02
Playing Spine mina_analtraining_leadin_02
Playing Spine mina_analtraining_leadin_02
Playing Spine mina_analtraining_leadin_02
Playing Spine mina_analtraining_leadin_02
Playing Spine mina_analtraining_leadin_02
Playing Spine mina_analtraining_leadin_02
Playing Spine mina_analtraining_leadin_03
Playing Spine mina_analtraining_leadin_03
Playing Spine 01_idle_start
Playing Spine 01_idle_start
Playing Spine 01_idle_start
Playing Spine 01_idle_start
Playing Spine 01_idle_start
Playing Spine 01_idle_start
Playing Spine 01_idle_start
Playing Spine 01_idle_start
Playing Spine 01_idle_start
Playing Spine 02_insert
Playing Spine 03_insert_idle
Playing Spine 03_insert_idle
Playing Spine 03_insert_idle
Playing Spine 03_insert_idle
Playing Spine 03_insert_idle
Playing Spine 03_insert_idle
Playing Spine 03_insert_idle
Playing Spine 03_insert_idle
Playing Spine 03_insert_idle
Playing Spine 03_insert_idle
Playing Spine 03_insert_idle
Playing Spine 04_blow_slow
Playing Spine 04_blow_slow
Playing Spine 04_blow_slow
Playing Spine 04_blow_slow
Playing Spine 04_blow_slow
Playing Spine 04_blow_slow
Playing Spine 04_blow_slow
Playing Spine 04_blow_slow
Playing Spine 04_blow_slow
Playing Spine 04_blow_slow
Playing Spine 04_blow_slow
Playing Spine 05_blow_fast
Playing Spine 05_blow_fast
Playing Spine 05_blow_fast
Playing Spine 05_blow_fast
Playing Spine 05_blow_fast
Playing Spine 06_cum
Playing Spine 07_cum_idle
Playing Spine 07_cum_idle
Playing Spine 07_cum_idle
Playing Spine 07_cum_idle
Playing Spine 07_cum_idle
Validating room: backroom_bedtop
Releasing room Ravine (UnityEngine.GameObject)
Validating room: backroom_bedtop
Validating room: backroom_bedtop
Playing animation location_exit_up then location_enter_up
Playing animation QuestNotification
Playing animation hide_during_notification
Invalid animation hide_during_notification
Triggered event triggerquest=minaoil_4
Triggered event setblackout=0
Triggered event stopspanking
Character Spine e0996281cf4631f49859dc33f7deca37 destroyed
Validating room: Seahut2
Releasing room Beach (UnityEngine.GameObject)
Validating room: Seahut2
Validating room: Seahut2
Playing animation location_exit_up then location_enter_up
Playing animation datetime_flip_up then datetime_flip_down
Triggered event advanceday
Playing animation conversation_popout_full
Starting conversation hotfixes with myself
Starting conversation story_reminders with myself
Triggered event add=jack, 2
Triggered event sfx=phoneringloop
Triggered event stopsfx
Queuing conversation 054_UpgradeHangar (BrightBit.Conversation)
Triggered event queueconversation=054_upgradehangar
Starting conversation 054_UpgradeHangar with myself
Triggered event add=jack, 2
Triggered event pipflip=tori, 3
Playing animation QuestNotification
Playing animation hide_during_notification
Invalid animation hide_during_notification
Triggered event triggerquest=torierik_3
Triggered event triggerquest=hangar_1
Playing animation conversation_popout_full
Character Spine default destroyed
Playing animation QuestNotification
Playing animation hide_during_notification
Invalid animation hide_during_notification
Playing animation OpenQuestUI
Playing animation CloseQuestUI
Validating room: map
Playing animation location_exit_up then location_enter_up
Playing animation OpenQuestUI
Playing animation CloseQuestUI
Validating room: Sunbeach
Releasing room YogaSala_massage (UnityEngine.GameObject)
Playing animation location_exit_up then location_enter_up
Starting conversation 052_VivianSunbeach with myself
Triggered event add=jack, 1
Triggered event add=vivian, 3
Trying to load minigame: rep_tidepool
Triggered event startmg=rep_tidepool
Playing animation conversation_popout_full
Successfully loaded minigame: rep_tidepool
Validating room: Minigames
Playing animation location_exit_up then location_enter_up
Repair Type: Scissors
Repair Type: None
Repair Type: Trowel
Repair Type: None
Repair Type: Tongs
Repair Type: None
Repair Type: Scissors
Repair Type: None
Repair Type: Tongs
Repair Type: None
Repair Type: Trowel
Repair Type: None
Repair Type: Tongs
Repair Type: None
Playing animation minigame_complete
Playing animation frontend_topleft_enter
Playing animation frontend_topright_enter
Playing animation frontend_topcenter_enter
Invalid animation frontend_topcenter_enter
Playing animation datetime_flip_down
Validating room: Sunbeach
Playing animation location_exit_up then location_enter_up
Starting conversation 053_VivianSunbeach2 with myself
Triggered event add=jack, 1
Triggered event add=vivian, 3
Triggered event remove=vivian
Triggered event add=jack, 2
Validating room: Sunbeach_closeup
Releasing room YogaSala (UnityEngine.GameObject)
Validating room: Sunbeach_closeup
Validating room: Sunbeach_closeup
Playing animation location_exit_up then location_enter_up
Triggered event sfx=water_splash
Playing Spine vivian_glamshot_beachfall
Playing Spine vivian_glamshot_beachfall
Playing Spine vivian_glamshot_beachfall
Playing Spine vivian_glamshot_beachfall
Validating room: Sunbeach
Validating room: Sunbeach
Validating room: Sunbeach
Playing animation location_exit_up then location_enter_up
Advancing time: Day 20 ( Day)
Playing animation datetime_flip_up then datetime_flip_down
Triggered event advancetime
Triggered event add=jack ,1
Triggered event add=vivian, 3
Character Spine c8eb42b876ae4e94b97a2d28e3bccc17 destroyed
Triggered event remove=vivian
Playing animation QuestNotification
Playing animation hide_during_notification
Invalid animation hide_during_notification
Triggered event triggerquest=viviansunbeach_2
Triggered event add=jack, 2
Playing animation QuestNotification
Playing animation hide_during_notification
Invalid animation hide_during_notification
Triggered event triggerquest=vivianclass_1
Playing animation conversation_popout_full
Playing animation OpenQuestUI
Playing animation CloseQuestUI
No valid conversation options. Here's what I tried: 
Conversation 039_ToriErik failed because Required flags Missing flag chunk_ToriErik_1 missing
Conversation 087_ReportRecruit failed because Required flags Missing flag chunk_ReportRecruit_1 missing
Conversation 143_ToriConflict failed because Required flags Missing flag chunk_ToriConflict_1 missing
Conversation 157_ToriOpening failed because Required flags Missing flag chunk_ToriOpening_1 missing
Conversation 162_GreasyPole failed because Required flags Missing flag chunk_GreasyPole_1 missing
Playing animation conversation_popout_full
Validating room: map
Playing animation location_exit_up then location_enter_up
Validating room: YogaSala
Releasing room Backroom (UnityEngine.GameObject)
Playing animation location_exit_up then location_enter_up
Starting conversation 131_VivianYoga with myself
Triggered event add=jack, 1
Triggered event add=vivian, 3
Playing Spine vivian_glamshot_yogaclass_2
Playing Spine vivian_glamshot_yogaclass_2
Playing Spine vivian_glamshot_yogaclass_3
Playing Spine vivian_glamshot_yogaclass_3
Playing Spine vivian_glamshot_yogaclass_3
Playing Spine vivian_glamshot_yogaclass_3
Triggered event advancetoday
Triggered event add=jack, 2
Triggered event remove=vivian
Validating room: Seahut2
Validating room: Seahut2
Validating room: Seahut2
Playing animation location_exit_up then location_enter_up
Advancing time: Day 20 ( Evening)
Playing animation datetime_flip_up then datetime_flip_down
Triggered event advancetoevening
Validating room: YogaSala_massage
Releasing room backroom_bedtop (UnityEngine.GameObject)
Validating room: YogaSala_massage
Validating room: YogaSala_massage
Playing animation location_exit_up then location_enter_up
Triggered event remove=jack
Validating room: YogaSala
Validating room: YogaSala
Validating room: YogaSala
Playing animation location_exit_up then location_enter_up
Triggered event add=jack, 1
Triggered event add=sophia, 3
Triggered event add=vivian, 4
Character Spine adc79977b9b91934d98a7b63ffa0a209 destroyed
Triggered event remove=vivian
Validating room: YogaSala_massage
Validating room: YogaSala_massage
Validating room: YogaSala_massage
Playing animation location_exit_up then location_enter_up
Validating room: YogaSala
Validating room: YogaSala
Validating room: YogaSala
Playing animation location_exit_up then location_enter_up
Triggered event add=jack, 1
Triggered event add=sophia, 3
Advancing time: Day 20 ( Night)
Playing animation datetime_flip_up then datetime_flip_down
Triggered event advancetonight
Character Spine b4933f0909292e0439e3523ad75aac41 destroyed
Triggered event add=sophia,4
Validating room: RopewaysWaterfall
Releasing room Sunbeach_closeup (UnityEngine.GameObject)
Validating room: RopewaysWaterfall
Validating room: RopewaysWaterfall
Playing animation location_exit_up then location_enter_up
Triggered event remove=sophia
Playing animation QuestNotification
Playing animation hide_during_notification
Invalid animation hide_during_notification
Triggered event triggerquest=vivianclass_2
Playing animation conversation_popout_full
Playing animation OpenQuestUI
Validating room: Seahut2
Playing animation location_exit_up then location_enter_up
Starting conversation 098_MisunNinjaSex with myself
Triggered event add=jack, 2
Triggered event sfx=phoneringloop
Playing animation CloseQuestUI
Triggered event stopsfx
Triggered event pipflip=misun, 3
Playing animation QuestNotification
Playing animation hide_during_notification
Invalid animation hide_during_notification
Triggered event triggerquest=misunninjasex_1
Triggered event removepip
Character Spine default destroyed
Validating room: ResortBeach
Releasing room Sunbeach (UnityEngine.GameObject)
Validating room: ResortBeach
Validating room: ResortBeach
Playing animation location_exit_up then location_enter_up
Triggered event add=jack, 3
Validating room: Resort
Releasing room YogaSala_massage (UnityEngine.GameObject)
Validating room: Resort
Validating room: Resort
Playing animation location_exit_up then location_enter_up
Validating room: Lobby
Releasing room YogaSala (UnityEngine.GameObject)
Validating room: Lobby
Validating room: Lobby
Playing animation location_exit_up then location_enter_up
Triggered event add=jack,1
Triggered event add=jack, 2
Validating room: Hall
Releasing room RopewaysWaterfall (UnityEngine.GameObject)
Validating room: Hall
Validating room: Hall
Playing animation location_exit_up then location_enter_up
Triggered event add=jack, 3
Triggered event add=jack, 2
Triggered event sfx=door_knock
Validating room: Room20
Releasing room SeaHut2 (UnityEngine.GameObject)
Validating room: Room20
Validating room: Room20
Playing animation location_exit_up then location_enter_up
Playing Spine misun_glamshot_door_01
Playing Spine misun_glamshot_door_02
Playing Spine misun_glamshot_door_02
Playing Spine misun_glamshot_door_02
Triggered event add=misun, 1
Triggered event add=jack, 3
Playing Spine thoughtful_side_game
Playing Spine raisebrow_lookcam_idle
Playing Spine raisebrow_lookcam_idle
Playing Spine squint_lookcam_idle
Playing Spine squint_lookcam_idle
Playing Spine thoughtful_lookcam_idle
Playing Spine thoughtful_lookcam_idle
Playing Spine raisebrow_lookcam_idle
Playing Spine raisebrow_lookcam_idle
Playing Spine raisebrow_lookcam_idle
Playing Spine smirk_lookcam_idle
Playing Spine smirk_lookcam_idle
Playing Spine squint_lookcam_idle
Playing Spine squint_lookcam_idle
Playing Spine smirk_lookcam_idle
Playing Spine smirk_lookcam_idle
Playing Spine thoughtful_lookcam_idle
Playing Spine thoughtful_lookcam_idle
Playing Spine thoughtful_lookcam_idle
Playing Spine squint_side_game
Playing Spine squint_side_game
Playing Spine smirk_lookcam_idle
Playing Spine smirk_lookcam_idle
Playing Spine squint_lookcam_idle
Playing Spine surprise_lookcam_idle
Playing Spine squint_side_game
Playing Spine squint_lookcam_idle
Playing Spine thoughtful_lookcam_idle
Playing Spine surprise_lookcam_idle
Playing Spine surprise_lookcam_idle
Playing Spine thoughtful_lookcam_idle
Playing Spine thoughtful_lookcam_idle
Playing Spine surprise_side_game
Playing Spine surprise_side_game
Playing Spine surprise_lookcam_idle
Playing Spine squint_lookcam_idle
Playing Spine squint_lookcam_idle
Playing Spine squint_lookcam_idle
Playing Spine squint_side_game
Playing Spine squint_lookcam_idle
Playing Spine squint_lookcam_idle
Playing Spine thoughtful_lookcam_idle
Playing Spine squint_lookcam_idle
Playing Spine squint_lookcam_idle
Playing Spine surprise_lookcam_idle
Playing Spine surprise_lookcam_idle
Playing Spine raisebrow_side_game
Playing Spine raisebrow_side_game
Playing Spine surprise_lookcam_idle
Playing Spine surprise_lookcam_idle
Playing Spine smirk_lookcam_idle
Playing Spine smirk_side_game
Playing Spine smirk_side_game
Playing Spine surprise_lookcam_idle
Playing Spine smirk_lookcam_idle
Playing Spine smirk_lookcam_idle
Playing Spine thoughtful_lookcam_idle
Playing Spine thoughtful_side_game
Playing Spine thoughtful_side_game
Playing Spine thoughtful_side_game
Playing Spine squint_lookcam_idle
Playing Spine squint_lookcam_idle
Playing Spine raisebrow_lookcam_idle
Playing Spine surprise_lookcam_idle
Playing Spine surprise_lookcam_idle
Playing Spine surprise_lookcam_idle
Playing Spine raisebrow_lookcam_idle
Playing Spine surprise_lookcam_idle
Playing Spine surprise_lookcam_idle
Playing Spine smirk_side_game
Playing Spine smirk_side_game
Playing Spine raisebrow_lookcam_idle
Playing Spine thoughtful_side_game
Playing Spine thoughtful_side_game
Playing Spine thoughtful_lookcam_idle
Playing Spine thoughtful_lookcam_idle
Playing Spine thoughtful_lookcam_idle
Playing Spine raisebrow_lookcam_idle
Playing Spine surprise_lookcam_idle
Playing Spine thoughtful_lookcam_idle
Playing Spine surprise_side_game
Triggered event startspanking=misun_001
Playing Spine smirk_lookcam_idle
Playing Spine smirk_lookcam_idle
Playing Spine misun_cosplay_sex_lead_in_1
Playing Spine misun_cosplay_sex_lead_in_1
Playing Spine misun_cosplay_sex_lead_in_1
Playing Spine misun_cosplay_sex_lead_in_1
Playing Spine misun_cosplay_sex_lead_in_1
Playing Spine misun_cosplay_sex_lead_in_2a
Playing Spine misun_cosplay_sex_lead_in_2a
Playing Spine misun_cosplay_sex_lead_in_2a
Playing Spine misun_cosplay_sex_lead_in_2b
Playing Spine misun_cosplay_sex_lead_in_2b
Playing Spine misun_cosplay_sex_lead_in_2b
Playing Spine misun_cosplay_sex_lead_in_2b
Playing Spine misun_cosplay_sex_lead_in_2b
Playing Spine misun_cosplay_sex_lead_in_2b
Playing Spine misun_cosplay_sex_lead_in_2b
Playing Spine misun_cosplay_sex_lead_in_3
Playing Spine misun_cosplay_sex_lead_in_3
Playing Spine misun_cosplay_sex_lead_in_3
Playing Spine misun_cosplay_sex_lead_in_3
Playing Spine misun_cosplay_sex_lead_in_3
Playing Spine misun_cosplay_sex_lead_in_3
Playing Spine misun_cosplay_sex_lead_in_3
Playing Spine misun_cosplay_sex_lead_in_4
Playing Spine misun_cosplay_sex_lead_in_4
Playing Spine misun_cosplay_sex_lead_in_4
Playing Spine misun_cosplay_sex_lead_in_4
Playing Spine misun_cosplay_sex_lead_in_4
Playing Spine misun_cosplay_sex_lead_in_4
Playing Spine misun_cosplay_sex_lead_in_4
Playing Spine misun_cosplay_sex_lead_in_4
Playing Spine misun_cosplay_sex_lead_in_4
Playing Spine misun_cosplay_sex_lead_in_4
Playing Spine 01_idle
Playing Spine 01_idle
Playing Spine 01_idle
Playing Spine 01_idle
Playing Spine 01_idle
Playing Spine 01_idle
Playing Spine 01_idle
Playing Spine 01_idle
Playing Spine 01_idle
Playing Spine 01_idle
Playing Spine 01_idle
Playing Spine 01_idle
Playing Spine 01_idle
Playing Spine 01_idle
Playing Spine 01_idle
Playing Spine 01_idle
Playing Spine 01_idle
Playing Spine 01_idle
Playing Spine 01_idle
Playing Spine 01_idle
Playing Spine 02a_insert
Playing Spine 02b_insert_idle
Playing Spine 02b_insert_idle
Playing Spine 02b_insert_idle
Playing Spine 02b_insert_idle
Playing Spine 02b_insert_idle
Playing Spine 04_fast
Playing Spine 04_fast
Playing Spine 04_fast
Playing Spine 04_fast
Playing Spine 04_fast
Playing Spine 04_fast
Playing Spine 04_fast
Playing Spine 04_fast
Playing Spine 04_fast
Playing Spine 04_fast
Playing Spine 04_fast
Playing Spine 04_fast
Playing Spine 04_fast
Playing Spine 04_fast
Playing Spine 04_fast
Playing Spine 04_fast
Playing Spine 04_fast
Playing Spine 04_fast
Playing Spine 04_fast
Playing Spine 04_fast
Playing Spine 04_fast
Playing Spine 04_fast
Playing Spine 04_fast
Playing Spine 04_fast
Playing Spine 05a_cum
Playing Spine 05b_cum_idle
Playing Spine 05b_cum_idle
Playing Spine 05b_cum_idle
Playing Spine 05b_cum_idle
Playing Spine 05b_cum_idle
Playing Spine 05b_cum_idle
Playing Spine 06a_pullout
Playing Spine 06b_pullout_idle
Playing Spine 06b_pullout_idle
Playing Spine 06b_pullout_idle
Playing Spine 06b_pullout_idle
Playing Spine 06b_pullout_idle
Playing Spine 06b_pullout_idle
Playing Spine 06b_pullout_idle
Validating room: Room20_bed
Releasing room ResortBeach (UnityEngine.GameObject)
Validating room: Room20_bed
Validating room: Room20_bed
Playing animation location_exit_up then location_enter_up
Playing animation QuestNotification
Playing animation hide_during_notification
Invalid animation hide_during_notification
Triggered event triggerquest=misunninjasex_2
Triggered event setblackout=0
Triggered event stopspanking
Character Spine 13bb54938bab0fd45a2948016985d9da destroyed
Character Spine 583dcbd44171f734c96759fd0d3b1809 destroyed
Triggered event remove=jack
Triggered event remove=misun
Validating room: Seahut2
Releasing room Resort (UnityEngine.GameObject)
Validating room: Seahut2
Validating room: Seahut2
Playing animation location_exit_up then location_enter_up
Playing animation datetime_flip_up then datetime_flip_down
Triggered event advanceday
Playing animation conversation_popout_full
Character Spine 13bb54938bab0fd45a2948016985d9da destroyed
Starting conversation hotfixes with myself
Playing animation conversation_popout_full
Playing animation OpenQuestUI
Playing animation CloseQuestUI
Validating room: map
Playing animation location_exit_up then location_enter_up
Validating room: Sunbeach
Releasing room Lobby (UnityEngine.GameObject)
Playing animation location_exit_up then location_enter_up
Starting conversation 132_VivianApologize with myself
Triggered event add=jack, 0
Triggered event add=hunter, 4
Triggered event add=vivian, 3
Triggered event setzoominstant=left
Triggered event add=jack, 1
Triggered event setzoom=-1
Triggered event add=vivian, 2
Triggered event add=vivian,0
Triggered event add=jack,1
Triggered event add=hunter, 3
Triggered event add=hunter, 4
Triggered event add=jack, 2
Triggered event remove=hunter
Triggered event add=jack, 2
Triggered event setzoom=left
Playing animation QuestNotification
Playing animation hide_during_notification
Invalid animation hide_during_notification
Triggered event triggerquest=vivianclass_3
Playing animation conversation_popout_full
Playing animation OpenQuestUI
Playing animation CloseQuestUI
Advancing time: Day 21 ( Day)
Playing animation datetime_flip_up then datetime_flip_down
Advancing time: Day 21 ( Evening)
Playing animation datetime_flip_up then datetime_flip_down
No valid conversation options. Here's what I tried: 
Conversation 083_RecruitFreya failed because Required flags Missing flag chunk_RecruitGRF_2 missing
Conversation 090_InterviewFreyaLuana failed because Required flags Missing flag chunk_InterviewFreya_1 missing
Conversation 153_FreyaLotionDelivery failed because Required flags Missing flag chunk_ReynaPrep_freya missing
Playing animation conversation_popout_full
Validating room: map
Playing animation location_exit_up then location_enter_up
Validating room: Hangar
Releasing room Hall (UnityEngine.GameObject)
Playing animation location_exit_up then location_enter_up
Starting conversation 055_UpgradeHangar2 with myself
Triggered event add=jack, 1
Triggered event add=tori, 3
Triggered event add=luana, 4
Triggered event add=tori,4
Triggered event add=luana,3
Triggered event remove=tori
Triggered event add=luana, 3
Triggered event remove=luana
Triggered event add=jack, 2
Triggered event pipflip=karen, 3
Triggered event removepip
Character Spine default destroyed
Triggered event removepip
Playing animation QuestNotification
Playing animation hide_during_notification
Invalid animation hide_during_notification
Triggered event triggerquest=hangar_2
Playing animation conversation_popout_full
Playing animation OpenQuestUI
Playing animation CloseQuestUI
Advancing time: Day 21 ( Night)
Playing animation datetime_flip_up then datetime_flip_down
Validating room: map
Playing animation location_exit_up then location_enter_up
Validating room: TreehouseB
Character Spine Sit(Clone) destroyed
Character Spine Sit(Clone) destroyed
Releasing room Room20 (UnityEngine.GameObject)
Playing animation location_exit_up then location_enter_up
Starting conversation 133_VivianDate with myself
Validating room: TreehouseB
Triggered event add=jack, 1
Triggered event add=vivian, 3
Validating room: Ravine
Releasing room Room20_bed (UnityEngine.GameObject)
Validating room: Ravine
Validating room: Ravine
Playing animation location_exit_up then location_enter_up
Validating room: Garden
Releasing room SeaHut2 (UnityEngine.GameObject)
Validating room: Garden
Validating room: Garden
Playing animation location_exit_up then location_enter_up
Triggered event add=jack, 1
Triggered event add=vivian, 0
Triggered event sfx=bark
Triggered event sfxdelayed=bark, 0.3
Triggered event add=dog, 4
Triggered event remove=jack,dog
Triggered event add=vivian, 1
Triggered event add=jack, 2
Triggered event add=dog, 4
Character Spine 1bda4d85e315db543bc9aafa43b61f03 destroyed
Triggered event add=jack, 3
Triggered event add=dog, 2
Triggered event sfx=bark
Triggered event sfxdelayed=bark, 0.4
Triggered event sfxdelayed=bark, 0.7
Triggered event addpan=dog, 1000
Triggered event remove=dog
Validating room: Cabana
Releasing room Sunbeach (UnityEngine.GameObject)
Validating room: Cabana
Validating room: Cabana
Playing animation location_exit_up then location_enter_up
Triggered event add=vivian, 5
Playing Spine vivian_date_1
Playing Spine vivian_date_1
Playing Spine vivian_date_1
Playing Spine vivian_date_1
Playing Spine vivian_date_1
Playing Spine vivian_date_1
Playing Spine vivian_date_1
Playing Spine vivian_date_2
Playing Spine vivian_date_2
Playing Spine vivian_date_2
Playing Spine vivian_date_2
Playing Spine vivian_date_2
Playing Spine vivian_date_2
Playing Spine vivian_date_2
Playing Spine vivian_date_3
Playing Spine vivian_date_3
Playing Spine vivian_date_3
Playing Spine vivian_date_3
Playing Spine vivian_date_3
Playing Spine vivian_date_3
Playing Spine vivian_date_3
Playing Spine vivian_date_4
Playing Spine vivian_date_4
Playing Spine vivian_date_4
Playing Spine vivian_date_4
Playing Spine vivian_date_4
Playing Spine vivian_date_4
Playing Spine vivian_date_4
Playing Spine vivian_date_4
Playing Spine vivian_date_4
Playing Spine vivian_date_4
Playing Spine vivian_date_4
Playing Spine vivian_date_4
Playing Spine vivian_date_4
Validating room: Garden
Validating room: Garden
Validating room: Garden
Playing animation location_exit_up then location_enter_up
Triggered event setblackout=0
Triggered event add=jack, 1
Triggered event add=vivian, 3
Validating room: TreehouseB
Validating room: TreehouseB
Validating room: TreehouseB
Playing animation location_exit_up then location_enter_up
Triggered event add=vivian,3
Triggered event add=jack, 1
Triggered event add=vivian, 2
Triggered event remove=vivian
Triggered event add=vivian,2
Triggered event add=vivian, 3
Triggered event add=vivian, 4
Validating room: Ropeways
Releasing room Hangar (UnityEngine.GameObject)
Validating room: Ropeways
Validating room: Ropeways
Playing animation location_exit_up then location_enter_up
Triggered event remove=vivian
Triggered event add=jack, 2
Playing animation QuestNotification
Playing animation hide_during_notification
Invalid animation hide_during_notification
Triggered event triggerquest=vivianclass_4
Triggered event triggerquest=vivianspace_1
Playing animation conversation_popout_full
Playing animation QuestNotification
Playing animation hide_during_notification
Invalid animation hide_during_notification
Playing animation OpenQuestUI
Playing animation CloseQuestUI
Validating room: Seahut2
Releasing room Ravine (UnityEngine.GameObject)
Playing animation location_exit_up then location_enter_up
Starting conversation BasicSleep with myself
Validating room: Seahut2
Triggered event clearfailsafe
Queuing conversation alone_dreams (BrightBit.Conversation)
Triggered event generatedreamflags
Triggered event advancetonight
Starting conversation alone_dreams with myself
Playing animation datetime_flip_up then datetime_flip_down
Triggered event advanceday
Validating room: Seahut2
Playing animation conversation_popout_full
Starting conversation hotfixes with myself
Starting conversation story_reminders with myself
Triggered event add=jack, 2
Triggered event sfx=phoneringloop
Triggered event stopsfx
Queuing conversation 134_FrankieBoat (BrightBit.Conversation)
Triggered event queueconversation=134_frankieboat
Starting conversation 134_FrankieBoat with myself
Triggered event add=jack, 2
Triggered event pipflip=olga, 3
Validating room: Lobby
Releasing room Cabana (UnityEngine.GameObject)
Validating room: Lobby
Validating room: Lobby
Playing animation location_exit_up then location_enter_up
Triggered event removepip
Triggered event add=frankie, 0
Triggered event add=olga, 2
Triggered event add=jack, 3
Character Spine default destroyed
Validating room: HiddenLake_dock
Releasing room Garden (UnityEngine.GameObject)
Validating room: HiddenLake_dock
Validating room: HiddenLake_dock
Playing animation location_exit_up then location_enter_up
Triggered event add=frankie, 5
Triggered event add=jack, 6
Triggered event add=olga, 7
Triggered event add=rachel, 8
Triggered event add=rachel, 9
Triggered event add=rachel,8
Trying to load minigame: eli_footprints
Triggered event startmg=eli_footprints
Playing animation conversation_popout_full
Successfully loaded minigame: eli_footprints
Validating room: Minigames
Playing animation location_exit_up then location_enter_up
Playing animation frontend_topleft_enter
Playing animation frontend_topright_enter
Playing animation frontend_topcenter_enter
Invalid animation frontend_topcenter_enter
Playing animation datetime_flip_down
Validating room: HiddenLake_dock
Playing animation location_exit_up then location_enter_up
Starting conversation 135_FrankieBoat2 with myself
Triggered event add=frankie, 5
Triggered event add=olga, 6
Triggered event add=jack, 7
Triggered event add=rachel, 8
Triggered event remove=frankie
Triggered event sfx=phoneringloop
Triggered event stopsfx
Triggered event remove=rachel
Validating room: Lobby
Validating room: Lobby
Validating room: Lobby
Playing animation location_exit_up then location_enter_up
Triggered event add=olga,1
Triggered event add=jack, 3
Triggered event add=jack, 2
Triggered event remove=olga
Playing animation QuestNotification
Playing animation hide_during_notification
Invalid animation hide_during_notification
Triggered event triggerquest=frankieboat_bamboo
Triggered event triggerquest=frankieboat_anchor
Playing animation conversation_popout_full
Playing animation QuestNotification
Playing animation hide_during_notification
Invalid animation hide_during_notification
Playing animation OpenQuestUI
Playing animation CloseQuestUI
Starting conversation 056_UpgradeHangar3 with myself
Triggered event add=olga, 1
Triggered event add=jack, 3
Playing animation QuestNotification
Playing animation hide_during_notification
Invalid animation hide_during_notification
Triggered event triggerquest=jenngrouper_1
Triggered event triggerquest=gracebamboo_1
Triggered event triggerquest=hangar_3
Triggered event remove=olga
Playing animation conversation_popout_full
Playing animation QuestNotification
Playing animation hide_during_notification
Invalid animation hide_during_notification
Playing animation OpenQuestUI
Playing animation QuestNotification
Playing animation hide_during_notification
Invalid animation hide_during_notification
Playing animation open_handphone
Playing animation CloseQuestUI
Playing animation close_handphone
Starting conversation 136_FrankieBoat3 with myself
Triggered event add=jack, 2
Playing animation QuestNotification
Playing animation hide_during_notification
Invalid animation hide_during_notification
Triggered event triggerquest=frankieboat_anchor_end
Playing animation conversation_popout_full
Playing animation OpenQuestUI
Playing animation CloseQuestUI
Validating room: map
Playing animation location_exit_up then location_enter_up
Validating room: Gym
Releasing room treehouseB (UnityEngine.GameObject)
Playing animation location_exit_up then location_enter_up
Starting conversation 057_GraceBamboo with myself
Triggered event add=jack, 1
Triggered event add=rachel, 3
Triggered event add=grace, 4
Playing animation QuestNotification
Playing animation hide_during_notification
Invalid animation hide_during_notification
Triggered event triggerquest=gracebamboo_2
Playing animation conversation_popout_full
Playing animation OpenQuestUI
Playing animation CloseQuestUI
Validating room: map
Playing animation location_exit_up then location_enter_up
Validating room: Kitchen
Releasing room Ropeways (UnityEngine.GameObject)
Playing animation location_exit_up then location_enter_up
Playing animation OpenQuestUI
Playing animation CloseQuestUI
Starting conversation 059_JennGrouper with myself
Triggered event add=jack, 1
Triggered event add=jenn, 3
Validating room: Kitchen
Playing animation QuestNotification
Playing animation hide_during_notification
Invalid animation hide_during_notification
Triggered event triggerquest=jenngrouper_2
Playing animation conversation_popout_full
Playing animation OpenQuestUI
Playing animation CloseQuestUI
Validating room: map
Playing animation location_exit_up then location_enter_up
Validating room: Resort
Releasing room SeaHut2 (UnityEngine.GameObject)
Playing animation location_exit_up then location_enter_up
Validating room: bamboopath
Releasing room HiddenLake_dock (UnityEngine.GameObject)
Playing animation location_exit_up then location_enter_up
Starting conversation gather_bamboo with myself
Trying to load minigame: bambooplot
Triggered event startmg=bambooplot
Successfully loaded minigame: bambooplot
Validating room: Minigames
Playing animation location_exit_up then location_enter_up
Playing animation conversation_popout_full
Playing animation frontend_topleft_enter
Playing animation frontend_topright_enter
Playing animation frontend_topcenter_enter
Invalid animation frontend_topcenter_enter
Playing animation datetime_flip_down
Validating room: BambooPath
Playing animation location_exit_up then location_enter_up
Advancing time: Day 22 ( Day)
Playing animation datetime_flip_up then datetime_flip_down
Playing animation open_handphone
Playing animation close_handphone
Playing animation OpenQuestUI
Playing animation CloseQuestUI
Validating room: map
Playing animation location_exit_up then location_enter_up
Validating room: Gym
Playing animation location_exit_up then location_enter_up
Starting conversation 058_GraceBamboo2 with myself
Triggered event add=jack, 1
Triggered event add=grace, 3
Triggered event loseitem=bamboo, 6
Playing animation QuestNotification
Playing animation hide_during_notification
Invalid animation hide_during_notification
Triggered event triggerquest=gracebamboo_3
Validating room: Lagoon
Releasing room Lobby (UnityEngine.GameObject)
Validating room: Lagoon
Validating room: Lagoon
Playing animation location_exit_up then location_enter_up
Triggered event remove=grace
Triggered event add=jack, 2
Playing animation QuestNotification
Playing animation hide_during_notification
Invalid animation hide_during_notification
Triggered event forcetriggerquest=hangar_3
Playing animation conversation_popout_full
Playing animation OpenQuestUI
Playing animation CloseQuestUI
Validating room: map
Playing animation location_exit_up then location_enter_up
Validating room: ResortBeach
Releasing room Kitchen (UnityEngine.GameObject)
Playing animation location_exit_up then location_enter_up
Validating room: Dock
Releasing room Resort (UnityEngine.GameObject)
Playing animation location_exit_up then location_enter_up
Starting conversation fishing with myself
Validating room: Minigames
Playing animation location_exit_up then location_enter_up
Triggered event startfishingmg=fishingpier
Playing animation conversation_popout_full
Playing animation frontend_topleft_enter
Playing animation frontend_topright_enter
Playing animation frontend_topcenter_enter
Invalid animation frontend_topcenter_enter
Playing animation datetime_flip_down
Validating room: Dock
Playing animation location_exit_up then location_enter_up
Advancing time: Day 22 ( Evening)
Playing animation datetime_flip_up then datetime_flip_down
Starting conversation CatchFish with myself
Triggered event add=jack, 2
Playing animation conversation_popout_full
Playing animation OpenQuestUI
Playing animation CloseQuestUI
Advancing time: Day 22 ( Night)
Playing animation datetime_flip_up then datetime_flip_down
Validating room: Seahut2
Releasing room BambooPath (UnityEngine.GameObject)
Playing animation location_exit_up then location_enter_up
Starting conversation BasicSleep with myself
Validating room: Seahut2
Triggered event clearfailsafe
Queuing conversation alone_dreams (BrightBit.Conversation)
Triggered event generatedreamflags
Triggered event advancetonight
Starting conversation alone_dreams with myself
Playing animation datetime_flip_up then datetime_flip_down
Triggered event advanceday
Validating room: Seahut2
Playing animation conversation_popout_full
Starting conversation hotfixes with myself
Starting conversation story_reminders with myself
Triggered event add=jack, 2
Triggered event sfx=phoneringloop
Triggered event stopsfx
Playing animation open_handphone
Triggered event message=olga_anchor
Playing animation conversation_popout_full
Starting conversation 137_FrankieBoat4 with myself
Triggered event add=jack, 2
Triggered event closehp
Validating room: HiddenLake_dock
Releasing room Gym (UnityEngine.GameObject)
Validating room: HiddenLake_dock
Validating room: HiddenLake_dock
Playing animation location_exit_up then location_enter_up
Triggered event add=jack, 6
Trying to load minigame: dtp_puntboat
Triggered event startmg=dtp_puntboat
Playing animation conversation_popout_full
Successfully loaded minigame: dtp_puntboat
Validating room: Minigames
Playing animation location_exit_up then location_enter_up
Playing animation minigame_complete
Playing animation frontend_topleft_enter
Playing animation frontend_topright_enter
Playing animation frontend_topcenter_enter
Invalid animation frontend_topcenter_enter
Playing animation datetime_flip_down
Validating room: HiddenLake_dock
Playing animation location_exit_up then location_enter_up
Starting conversation 138_FrankieBoat5 with myself
Triggered event add=jack, 6
Advancing time: Day 23 ( Day)
Playing animation datetime_flip_up then datetime_flip_down
Triggered event advancetime
Triggered event pipflip=olga, 7
Playing animation QuestNotification
Playing animation hide_during_notification
Invalid animation hide_during_notification
Triggered event triggerquest=frankieboat_4
Validating room: HiddenLake
Releasing room Lagoon (UnityEngine.GameObject)
Validating room: HiddenLake
Validating room: HiddenLake
Playing animation location_exit_up then location_enter_up
Playing animation conversation_popout_full
Character Spine default destroyed
Validating room: map
Playing animation location_exit_up then location_enter_up
Validating room: ResortBeach
Playing animation location_exit_up then location_enter_up
Validating room: Dock
Playing animation location_exit_up then location_enter_up
Starting conversation fishing with myself
Validating room: Minigames
Playing animation location_exit_up then location_enter_up
Triggered event startfishingmg=fishingpier
Playing animation conversation_popout_full
Playing animation frontend_topleft_enter
Playing animation frontend_topright_enter
Playing animation frontend_topcenter_enter
Invalid animation frontend_topcenter_enter
Playing animation datetime_flip_down
Validating room: Dock
Playing animation location_exit_up then location_enter_up
Advancing time: Day 23 ( Evening)
Playing animation datetime_flip_up then datetime_flip_down
Starting conversation CatchFish with myself
Triggered event add=jack, 2
Playing animation conversation_popout_full
Validating room: map
Playing animation location_exit_up then location_enter_up
Playing animation OpenQuestUI
Playing animation CloseQuestUI
Advancing time: Day 23 ( Night)
Playing animation datetime_flip_up then datetime_flip_down
Validating room: Seahut2
Playing animation location_exit_up then location_enter_up
Starting conversation BasicSleep with myself
Validating room: Seahut2
Triggered event clearfailsafe
Queuing conversation alone_dreams (BrightBit.Conversation)
Triggered event generatedreamflags
Triggered event advancetonight
Starting conversation alone_dreams with myself
Playing animation datetime_flip_up then datetime_flip_down
Triggered event advanceday
Validating room: Seahut2
Playing animation conversation_popout_full
Starting conversation hotfixes with myself
Playing animation conversation_popout_full
Validating room: map
Playing animation location_exit_up then location_enter_up
Validating room: ResortBeach
Playing animation location_exit_up then location_enter_up
Validating room: Dock
Playing animation location_exit_up then location_enter_up
Starting conversation fishing with myself
Validating room: Minigames
Playing animation location_exit_up then location_enter_up
Triggered event startfishingmg=fishingpier
Playing animation conversation_popout_full
Playing animation frontend_topleft_enter
Playing animation frontend_topright_enter
Playing animation frontend_topcenter_enter
Invalid animation frontend_topcenter_enter
Playing animation datetime_flip_down
Validating room: Dock
Playing animation location_exit_up then location_enter_up
Advancing time: Day 24 ( Day)
Playing animation datetime_flip_up then datetime_flip_down
Starting conversation CatchFish with myself
Triggered event add=jack, 2
Playing animation conversation_popout_full
Validating room: map
Playing animation location_exit_up then location_enter_up
Validating room: Resort
Releasing room HiddenLake_dock (UnityEngine.GameObject)
Playing animation location_exit_up then location_enter_up
Validating room: map
Playing animation location_exit_up then location_enter_up
Validating room: ResortBeach
Playing animation location_exit_up then location_enter_up
Validating room: Dock
Playing animation location_exit_up then location_enter_up
Starting conversation fishing with myself
Validating room: Minigames
Playing animation location_exit_up then location_enter_up
Triggered event startfishingmg=fishingpier
Playing animation conversation_popout_full
Playing animation frontend_topleft_enter
Playing animation frontend_topright_enter
Playing animation frontend_topcenter_enter
Invalid animation frontend_topcenter_enter
Playing animation datetime_flip_down
Validating room: Dock
Playing animation location_exit_up then location_enter_up
Advancing time: Day 24 ( Evening)
Playing animation datetime_flip_up then datetime_flip_down
Starting conversation CatchFish with myself
Triggered event add=jack, 2
Playing animation conversation_popout_full
Advancing time: Day 24 ( Night)
Playing animation datetime_flip_up then datetime_flip_down
Validating room: Seahut2
Playing animation location_exit_up then location_enter_up
Starting conversation BasicSleep with myself
Validating room: Seahut2
Triggered event clearfailsafe
Queuing conversation alone_dreams (BrightBit.Conversation)
Triggered event generatedreamflags
Triggered event advancetonight
Starting conversation alone_dreams with myself
Playing animation datetime_flip_up then datetime_flip_down
Triggered event advanceday
Validating room: Seahut2
Playing animation conversation_popout_full
Starting conversation hotfixes with myself
Playing animation conversation_popout_full
Playing animation OpenQuestUI
Playing animation CloseQuestUI
Validating room: map
Playing animation location_exit_up then location_enter_up
Validating room: Kitchen
Releasing room HiddenLake (UnityEngine.GameObject)
Playing animation location_exit_up then location_enter_up
Starting conversation 060_JennGrouper2 with myself
Triggered event add=jack, 1
Triggered event add=jenn, 3
Triggered event loseitem=giantgrouper, 3
Playing animation QuestNotification
Playing animation hide_during_notification
Invalid animation hide_during_notification
Triggered event triggerquest=jenngrouper_3
Triggered event add=andrea, 4
Validating room: Basement
Releasing room Resort (UnityEngine.GameObject)
Validating room: Basement
Validating room: Basement
Playing animation location_exit_up then location_enter_up
Triggered event remove=andrea
Triggered event remove=jenn
Triggered event add=jack, 2
Playing animation QuestNotification
Playing animation hide_during_notification
Invalid animation hide_during_notification
Triggered event forcetriggerquest=hangar_3
Advancing time: Day 25 ( Day)
Playing animation datetime_flip_up then datetime_flip_down
Triggered event advancetime
Playing animation conversation_popout_full
Playing animation OpenQuestUI
Playing animation CloseQuestUI
Validating room: Lobby
Releasing room ResortBeach (UnityEngine.GameObject)
Playing animation location_exit_up then location_enter_up
Starting conversation 061_UpgradeHangar with myself
Triggered event add=olga, 1
Triggered event add=jack, 3
Triggered event add=olga, 0
Triggered event add=jack, 2
Triggered event add=gabby, 3
Triggered event add=cath, 4
Triggered event add=jack, 1
Triggered event remove=olga
Triggered event add=olga, 0
Triggered event add=olga, 1
Triggered event add=jack, 3
Triggered event remove=cath
Triggered event remove=gabby
Playing animation QuestNotification
Playing animation hide_during_notification
Invalid animation hide_during_notification
Triggered event triggerquest=hangar_4
Triggered event triggerquest=minacoconut_1
Playing animation conversation_popout_full
Playing animation QuestNotification
Playing animation hide_during_notification
Invalid animation hide_during_notification
Playing animation OpenQuestUI
Playing animation CloseQuestUI
Validating room: map
Playing animation location_exit_up then location_enter_up
Validating room: Beach
Releasing room Dock (UnityEngine.GameObject)
Playing animation location_exit_up then location_enter_up
Validating room: Bar
Releasing room SeaHut2 (UnityEngine.GameObject)
Playing animation location_exit_up then location_enter_up
Starting conversation 062_MinaCoconut with myself
Validating room: Bar_closeup
Releasing room Kitchen (UnityEngine.GameObject)
Validating room: Bar_closeup
Validating room: Bar_closeup
Playing animation location_exit_up then location_enter_up
Triggered event add=mina, 1
Triggered event add=misun, 12
Triggered event add=jack, 4
Playing animation QuestNotification
Playing animation hide_during_notification
Invalid animation hide_during_notification
Triggered event triggerquest=minacoconut_2
Validating room: Bar
Validating room: Bar
Validating room: Bar
Playing animation location_exit_up then location_enter_up
Playing animation conversation_popout_full
Validating room: map
Playing animation location_exit_up then location_enter_up
Playing animation OpenQuestUI
Playing animation CloseQuestUI
Validating room: Lobby
Playing animation location_exit_up then location_enter_up
Starting conversation clean_pool_with_olga with myself
Triggered event add=jack, 3
Triggered event add=olga, 1
Validating room: Pool
Releasing room Basement (UnityEngine.GameObject)
Validating room: Pool
Validating room: Pool
Playing animation location_exit_up then location_enter_up
Playing Spine jack+olga_poolcleaning
Playing Spine jack+olga_poolcleaning
Playing Spine jack+olga_poolcleaning
Triggered event cash=25
Playing Spine jack+olga_poolcleaning
Advancing time: Day 25 ( Evening)
Playing animation datetime_flip_up then datetime_flip_down
Triggered event advancetime
Triggered event add=jack, 1
Triggered event add=olga, 3
Triggered event add=olga, 2
Triggered event remove=olga
Triggered event add=olga,2
Playing animation conversation_popout_full
Advancing time: Day 25 ( Night)
Playing animation datetime_flip_up then datetime_flip_down
Validating room: Seahut2
Releasing room Beach (UnityEngine.GameObject)
Playing animation location_exit_up then location_enter_up
Starting conversation BasicSleep with myself
Validating room: Seahut2
Triggered event clearfailsafe
Queuing conversation alone_dreams (BrightBit.Conversation)
Triggered event generatedreamflags
Triggered event advancetonight
Starting conversation alone_dreams with myself
Playing animation datetime_flip_up then datetime_flip_down
Triggered event advanceday
Validating room: Seahut2
Playing animation conversation_popout_full
Starting conversation hotfixes with myself
Playing animation conversation_popout_full
Playing animation OpenQuestUI
Playing animation CloseQuestUI
Validating room: map
Playing animation location_exit_up then location_enter_up
Validating room: CaveMouth
Releasing room Bar_closeup (UnityEngine.GameObject)
Playing animation location_exit_up then location_enter_up
Starting conversation harvest_coconut with myself
Triggered event add=jack, 1
Triggered event gainitem=long_sickle, 1
Trying to load minigame: coconuts
Triggered event startmg=coconuts
Triggered event remove=jack
Successfully loaded minigame: coconuts
Validating room: Minigames
Playing animation location_exit_up then location_enter_up
Playing animation conversation_popout_full
Playing animation frontend_topleft_enter
Playing animation frontend_topright_enter
Playing animation frontend_topcenter_enter
Invalid animation frontend_topcenter_enter
Playing animation datetime_flip_down
Validating room: CaveMouth
Playing animation location_exit_up then location_enter_up
Advancing time: Day 26 ( Day)
Playing animation datetime_flip_up then datetime_flip_down
Starting conversation after_harvest_coconut with myself
Triggered event add=jack, 2
Playing animation conversation_popout_full
Validating room: Passage
Releasing room Bar (UnityEngine.GameObject)
Playing animation location_exit_up then location_enter_up
Validating room: CaveMouth
Playing animation location_exit_up then location_enter_up
Starting conversation harvest_coconut with myself
Trying to load minigame: coconuts
Triggered event startmg=coconuts
Triggered event remove=jack
Successfully loaded minigame: coconuts
Validating room: Minigames
Playing animation location_exit_up then location_enter_up
Playing animation conversation_popout_full
Playing animation frontend_topleft_enter
Playing animation frontend_topright_enter
Playing animation frontend_topcenter_enter
Invalid animation frontend_topcenter_enter
Playing animation datetime_flip_down
Validating room: CaveMouth
Playing animation location_exit_up then location_enter_up
Advancing time: Day 26 ( Evening)
Playing animation datetime_flip_up then datetime_flip_down
Starting conversation after_harvest_coconut with myself
Triggered event add=jack, 2
Playing animation conversation_popout_full
Starting conversation harvest_coconut with myself
Playing animation conversation_popout_full
Advancing time: Day 26 ( Night)
Playing animation datetime_flip_up then datetime_flip_down
Validating room: Seahut2
Playing animation location_exit_up then location_enter_up
Starting conversation BasicSleep with myself
Validating room: Seahut2
Triggered event clearfailsafe
Queuing conversation alone_dreams (BrightBit.Conversation)
Triggered event generatedreamflags
Triggered event advancetonight
Starting conversation alone_dreams with myself
Playing animation datetime_flip_up then datetime_flip_down
Triggered event advanceday
Validating room: Seahut2
Playing animation conversation_popout_full
Starting conversation hotfixes with myself
Playing animation conversation_popout_full
Validating room: map
Playing animation location_exit_up then location_enter_up
Validating room: CaveMouth
Playing animation location_exit_up then location_enter_up
Starting conversation harvest_coconut with myself
Trying to load minigame: coconuts
Triggered event startmg=coconuts
Triggered event remove=jack
Successfully loaded minigame: coconuts
Validating room: Minigames
Playing animation location_exit_up then location_enter_up
Playing animation conversation_popout_full
Playing animation frontend_topleft_enter
Playing animation frontend_topright_enter
Playing animation frontend_topcenter_enter
Invalid animation frontend_topcenter_enter
Playing animation datetime_flip_down
Validating room: CaveMouth
Playing animation location_exit_up then location_enter_up
Advancing time: Day 27 ( Day)
Playing animation datetime_flip_up then datetime_flip_down
Starting conversation after_harvest_coconut with myself
Triggered event add=jack, 2
Playing animation conversation_popout_full
Starting conversation harvest_coconut with myself
Trying to load minigame: coconuts
Triggered event startmg=coconuts
Triggered event remove=jack
Successfully loaded minigame: coconuts
Validating room: Minigames
Playing animation location_exit_up then location_enter_up
Playing animation conversation_popout_full
Playing animation frontend_topleft_enter
Playing animation frontend_topright_enter
Playing animation frontend_topcenter_enter
Invalid animation frontend_topcenter_enter
Playing animation datetime_flip_down
Validating room: CaveMouth
Playing animation location_exit_up then location_enter_up
Advancing time: Day 27 ( Evening)
Playing animation datetime_flip_up then datetime_flip_down
Starting conversation after_harvest_coconut with myself
Triggered event add=jack, 2
Playing animation conversation_popout_full
Advancing time: Day 27 ( Night)
Playing animation datetime_flip_up then datetime_flip_down
Validating room: Seahut2
Playing animation location_exit_up then location_enter_up
Starting conversation BasicSleep with myself
Validating room: Seahut2
Triggered event clearfailsafe
Queuing conversation alone_dreams (BrightBit.Conversation)
Triggered event generatedreamflags
Triggered event advancetonight
Starting conversation alone_dreams with myself
Playing animation datetime_flip_up then datetime_flip_down
Triggered event advanceday
Validating room: Seahut2
Playing animation conversation_popout_full
Starting conversation hotfixes with myself
Playing animation conversation_popout_full
Validating room: map
Playing animation location_exit_up then location_enter_up
Validating room: Backroom
Releasing room Lobby (UnityEngine.GameObject)
Playing animation location_exit_up then location_enter_up
Starting conversation 063_MinaCoconut2 with myself
Triggered event add=jack, 1
Triggered event add=mina, 3
Triggered event loseitem=coconut, 2
Playing animation QuestNotification
Playing animation hide_during_notification
Invalid animation hide_during_notification
Triggered event triggerquest=minacoconut_3
Triggered event remove=mina
Triggered event forcetriggerquest=hangar_4
Playing animation conversation_popout_full
Playing animation OpenQuestUI
Playing animation QuestNotification
Playing animation hide_during_notification
Invalid animation hide_during_notification
Playing animation CloseQuestUI
Validating room: map
Playing animation location_exit_up then location_enter_up
Validating room: Lobby
Releasing room Pool (UnityEngine.GameObject)
Playing animation location_exit_up then location_enter_up
Starting conversation 064_UpgradeHangar4 with myself
Triggered event add=olga, 1
Triggered event add=jack, 3
Playing animation QuestNotification
Playing animation hide_during_notification
Invalid animation hide_during_notification
Triggered event triggerquest=hangar_5
Playing animation conversation_popout_full
Playing animation OpenQuestUI
Playing animation CloseQuestUI
Advancing time: Day 28 ( Day)
Playing animation datetime_flip_up then datetime_flip_down
Advancing time: Day 28 ( Evening)
Playing animation datetime_flip_up then datetime_flip_down
Starting conversation 139_OlgaBoatSex with myself
Triggered event add=olga, 1
Triggered event add=jack, 3
Validating room: HiddenLake_dock
Releasing room Passage (UnityEngine.GameObject)
Validating room: HiddenLake_dock
Validating room: HiddenLake_dock
Playing animation location_exit_up then location_enter_up
Triggered event add=jack, 7
Triggered event add=olga, 6
Triggered event startspanking=olga_002
Triggered event sfx=footsteps_bridge_1
Playing Spine olga_glamshot_boatride_01a
Playing Spine olga_glamshot_boatride_01a
Playing Spine olga_glamshot_boatride_01a
Playing Spine olga_glamshot_boatride_02a
Playing Spine olga_glamshot_boatride_02a
Playing Spine olga_glamshot_boatride_02a
Playing Spine olga_moonlightboat_leadin_1
Playing Spine olga_moonlightboat_leadin_1
Playing Spine olga_moonlightboat_leadin_1
Playing Spine olga_moonlightboat_leadin_1
Playing Spine olga_moonlightboat_leadin_1
Playing Spine olga_moonlightboat_leadin_1
Playing Spine olga_moonlightboat_leadin_2a
Playing Spine olga_moonlightboat_leadin_2a
Playing Spine olga_moonlightboat_leadin_2a
Playing Spine olga_moonlightboat_leadin_2a
Playing Spine olga_moonlightboat_leadin_2a
Playing Spine olga_moonlightboat_leadin_2a
Playing Spine olga_moonlightboat_leadin_2b
Playing Spine olga_moonlightboat_leadin_2b
Playing Spine olga_moonlightboat_leadin_2b
Playing Spine olga_moonlightboat_leadin_2b
Playing Spine olga_moonlightboat_leadin_3
Playing Spine olga_moonlightboat_leadin_3
Playing Spine olga_moonlightboat_leadin_3
Playing Spine olga_moonlightboat_leadin_3
Playing Spine 01a_idle
Playing Spine 01a_idle
Playing Spine 01a_idle
Playing Spine 01a_idle
Playing Spine 01a_idle
Playing Spine 01a_idle
Playing Spine 02a_kiss
Playing Spine 02a_kiss
Playing Spine 02a_kiss
Playing Spine 02a_kiss
Playing Spine 02a_kiss
Playing Spine 02a_kiss
Playing Spine 02a_kiss
Playing Spine 03a_rub
Playing Spine 03a_rub
Playing Spine 03a_rub
Playing Spine 03a_rub
Playing Spine 03a_rub
Playing Spine 03a_rub
Playing Spine 01a_idle
Playing Spine 01a_idle
Playing Spine 01a_idle
Playing Spine 01a_idle
Playing Spine 01a_idle
Playing Spine 01a_idle
Playing Spine 05a_insert
Playing Spine 05b_insert_idle
Playing Spine 05b_insert_idle
Playing Spine 05b_insert_idle
Playing Spine 05b_insert_idle
Playing Spine 05b_insert_idle
Playing Spine 06a_slow
Playing Spine 06a_slow
Playing Spine 06a_slow
Playing Spine 06a_slow
Playing Spine 06a_slow
Playing Spine 06a_slow
Playing Spine 06a_slow
Playing Spine 06a_slow
Playing Spine 06a_slow
Playing Spine 06b_fast
Playing Spine 06b_fast
Playing Spine 06b_fast
Playing Spine 06b_fast
Playing Spine 06b_fast
Playing Spine 06b_fast
Playing Spine 06b_fast
Playing Spine 06b_fast
Playing Spine 06b_fast
Playing Spine 06b_fast
Playing Spine 06b_fast
Playing Spine 07a_climax
Playing Spine 07b_climax_idle
Playing Spine 07b_climax_idle
Playing Spine 07b_climax_idle
Playing Spine 07b_climax_idle
Playing Spine 08a_pullout
Playing Spine 08a_pullout
Playing Spine 08a_pullout
Playing Spine 08b_pullout_idle
Playing Spine 08b_pullout_idle
Playing Spine 08b_pullout_idle
Playing Spine 08b_pullout_idle
Playing Spine 08b_pullout_idle
Playing Spine 08b_pullout_idle
Validating room: HiddenLake_boat
Releasing room CaveMouth (UnityEngine.GameObject)
Validating room: HiddenLake_boat
Validating room: HiddenLake_boat
Playing animation location_exit_up then location_enter_up
Triggered event setblackout=0
Triggered event stopspanking
Validating room: HiddenLake_dock
Validating room: HiddenLake_dock
Validating room: HiddenLake_dock
Playing animation location_exit_up then location_enter_up
Triggered event add=olga, 6
Triggered event add=jack, 7
Advancing time: Day 28 ( Night)
Playing animation datetime_flip_up then datetime_flip_down
Triggered event advancetonight
Triggered event setblackout=0
Character Spine 0ed39a26cbd09bc47b2ec0eba59a9226 destroyed
Playing animation QuestNotification
Playing animation hide_during_notification
Invalid animation hide_during_notification
Triggered event triggerquest=frankieboat_5
Validating room: Ravine
Releasing room SeaHut2 (UnityEngine.GameObject)
Validating room: Ravine
Validating room: Ravine
Playing animation location_exit_up then location_enter_up
Triggered event add=olga, 2
Triggered event add=jack, 3
Validating room: SplitPaths
Releasing room Backroom (UnityEngine.GameObject)
Validating room: SplitPaths
Validating room: SplitPaths
Playing animation location_exit_up then location_enter_up
Triggered event add=olga, 3
Triggered event add=jack, 4
Triggered event add=olga, 2
Triggered event add=jack, 3
Validating room: Bungalows
Releasing room Lobby (UnityEngine.GameObject)
Validating room: Bungalows
Validating room: Bungalows
Playing animation location_exit_up then location_enter_up
Triggered event remove=olga
Triggered event add=olga, 2
Playing animation conversation_popout_full
Validating room: map
Playing animation location_exit_up then location_enter_up
Playing animation OpenQuestUI
Playing animation CloseQuestUI
Validating room: Seahut2
Releasing room HiddenLake_boat (UnityEngine.GameObject)
Playing animation location_exit_up then location_enter_up
Starting conversation BasicSleep with myself
Validating room: Seahut2
Triggered event clearfailsafe
Queuing conversation alone_dreams (BrightBit.Conversation)
Triggered event generatedreamflags
Triggered event advancetonight
Starting conversation alone_dreams with myself
Playing animation datetime_flip_up then datetime_flip_down
Triggered event advanceday
Validating room: Seahut2
Playing animation conversation_popout_full
Starting conversation hotfixes with myself
Playing animation conversation_popout_full
Validating room: map
Playing animation location_exit_up then location_enter_up
Validating room: Room30
Releasing room HiddenLake_dock (UnityEngine.GameObject)
Playing animation location_exit_up then location_enter_up
Starting conversation 140_FrankieBoat6 with myself
Triggered event add=jack, 1
Triggered event add=frankie, 3
Validating room: HiddenLake_dock
Releasing room Ravine (UnityEngine.GameObject)
Validating room: HiddenLake_dock
Validating room: HiddenLake_dock
Playing animation location_exit_up then location_enter_up
Triggered event add=jack, 5
Triggered event add=frankie, 8
Triggered event remove=frankie
Playing animation QuestNotification
Playing animation hide_during_notification
Invalid animation hide_during_notification
Triggered event triggerquest=frankieboat_6
Validating room: HiddenLake
Releasing room SplitPaths (UnityEngine.GameObject)
Validating room: HiddenLake
Validating room: HiddenLake
Playing animation location_exit_up then location_enter_up
Playing animation conversation_popout_full
Playing animation OpenQuestUI
Playing animation CloseQuestUI
Validating room: map
Playing animation location_exit_up then location_enter_up
Validating room: Quadplex
Releasing room Bungalows (UnityEngine.GameObject)
Playing animation location_exit_up then location_enter_up
Validating room: map
Playing animation location_exit_up then location_enter_up
Validating room: Airfield
Releasing room SeaHut2 (UnityEngine.GameObject)
Playing animation location_exit_up then location_enter_up
Validating room: Hangar
Releasing room Room30 (UnityEngine.GameObject)
Playing animation location_exit_up then location_enter_up
Starting conversation 065_UpgradeHangar5 with myself
Playing animation QuestNotification
Playing animation hide_during_notification
Invalid animation hide_during_notification
Triggered event triggerquest=hangar_6
Triggered event add=jack, 0
Triggered event add=raven, 2
Triggered event add=maria, 3
Triggered event add=luana, 4
Triggered event add=jack, 1
Triggered event add=luana, 3
Triggered event remove=maria
Triggered event remove=raven
Trying to load minigame: focus_stage_lights
Triggered event startmg=focus_stage_lights
Playing animation conversation_popout_full
Successfully loaded minigame: focus_stage_lights
Validating room: Minigames
Playing animation location_exit_up then location_enter_up
Playing animation minigame_complete
Playing animation frontend_topleft_enter
Playing animation frontend_topright_enter
Playing animation frontend_topcenter_enter
Invalid animation frontend_topcenter_enter
Playing animation datetime_flip_down
Validating room: Hangar
Playing animation location_exit_up then location_enter_up
Starting conversation 066_UpgradeHangar6 with myself
Triggered event add=jack, 1
Triggered event add=luana,3
Advancing time: Day 29 ( Day)
Playing animation datetime_flip_up then datetime_flip_down
Triggered event advancetime
Validating room: DressingRoom
Releasing room HiddenLake_dock (UnityEngine.GameObject)
Validating room: DressingRoom
Validating room: DressingRoom
Playing animation location_exit_up then location_enter_up
Triggered event add=raven, 0
Triggered event add=maria, 1
Triggered event add=jack, 3
Triggered event remove=luana
Trying to load minigame: cts_dress_designs
Triggered event startmg=cts_dress_designs
Playing animation conversation_popout_full
Successfully loaded minigame: cts_dress_designs
Validating room: Minigames
Playing animation location_exit_up then location_enter_up
Playing animation frontend_topleft_enter
Playing animation frontend_topright_enter
Playing animation frontend_topcenter_enter
Invalid animation frontend_topcenter_enter
Playing animation datetime_flip_down
Validating room: DressingRoom
Playing animation location_exit_up then location_enter_up
Starting conversation 067_UpgradeHangar7 with myself
Triggered event add=raven, 0
Triggered event add=maria, 1
Triggered event add=jack, 3
Advancing time: Day 29 ( Evening)
Playing animation datetime_flip_up then datetime_flip_down
Triggered event advancetime
Playing animation QuestNotification
Playing animation hide_during_notification
Invalid animation hide_during_notification
Triggered event triggerquest=eriknews_1
Triggered event triggerquest=reynacall_1
Playing animation conversation_popout_full
Playing animation OpenQuestUI
Playing animation QuestNotification
Playing animation hide_during_notification
Invalid animation hide_during_notification
Playing animation CloseQuestUI
Advancing time: Day 29 ( Night)
Playing animation datetime_flip_up then datetime_flip_down
Validating room: Seahut2
Releasing room HiddenLake (UnityEngine.GameObject)
Playing animation location_exit_up then location_enter_up
Starting conversation 068_ReynaArrives with myself
Triggered event add=jack, 6
Playing animation QuestNotification
Playing animation hide_during_notification
Invalid animation hide_during_notification
Triggered event triggerquest=reynacall_2
Validating room: Laptop
Releasing room Quadplex (UnityEngine.GameObject)
Validating room: Laptop
Validating room: Laptop
Playing animation location_exit_up then location_enter_up
Triggered event remove=jack
Character Spine a07949c568df8264fbc44972dd1e2f96 destroyed
Character Spine 5958b95941a474140acd8c792db02352 destroyed
Character Spine c4dfa2cf677888349a5857aef36fae57 destroyed
Character Spine fe37787350a125d4ebb9c79b15d6f212 destroyed
Character Spine e1ecb3264c9104945a55bd10a12f10db destroyed
Character Spine 63d105525d21cb24da88e86c97706ad0 destroyed
Character Spine e1ecb3264c9104945a55bd10a12f10db destroyed
Character Spine fe37787350a125d4ebb9c79b15d6f212 destroyed
Character Spine c4dfa2cf677888349a5857aef36fae57 destroyed
Character Spine 5958b95941a474140acd8c792db02352 destroyed
Validating room: Seahut2
Validating room: Seahut2
Validating room: Seahut2
Playing animation location_exit_up then location_enter_up
Playing animation QuestNotification
Playing animation hide_during_notification
Invalid animation hide_during_notification
Triggered event triggerquest=reynaarrives_1
Playing animation conversation_popout_full
Character Spine a07949c568df8264fbc44972dd1e2f96 destroyed
Playing animation OpenQuestUI
Playing animation CloseQuestUI
Starting conversation BasicSleep with myself
Validating room: Seahut2
Triggered event clearfailsafe
Queuing conversation alone_dreams (BrightBit.Conversation)
Triggered event generatedreamflags
Triggered event advancetonight
Starting conversation alone_dreams with myself
Playing animation datetime_flip_up then datetime_flip_down
Triggered event advanceday
Validating room: Seahut2
Playing animation conversation_popout_full
Starting conversation hotfixes with myself
Playing animation conversation_popout_full
Playing animation OpenQuestUI
Playing animation CloseQuestUI
Advancing time: Day 30 ( Day)
Playing animation datetime_flip_up then datetime_flip_down
Advancing time: Day 30 ( Evening)
Playing animation datetime_flip_up then datetime_flip_down
Advancing time: Day 30 ( Night)
Playing animation datetime_flip_up then datetime_flip_down
Starting conversation 069_ReynaArrives2 with myself
Triggered event add=jack, 2
Triggered event sfx=door_knock
Triggered event add=olga,4
Validating room: Dock
Releasing room Airfield (UnityEngine.GameObject)
Validating room: Dock
Validating room: Dock
Playing animation location_exit_up then location_enter_up
Triggered event add=jack, 1
Triggered event add=olga, 3
Triggered event remove=olga
Triggered event add=jack, 2
Triggered event startspanking=reyna_001
Validating room: Seahut2
Validating room: Seahut2
Validating room: Seahut2
Playing animation location_exit_up then location_enter_up
Playing Spine reyna_buttplug_sex_lead_in_1
Playing Spine reyna_buttplug_sex_lead_in_1
Playing Spine reyna_buttplug_sex_lead_in_1
Playing Spine reyna_buttplug_sex_lead_in_2
Playing Spine reyna_buttplug_sex_lead_in_2
Playing Spine reyna_buttplug_sex_lead_in_2
Playing Spine reyna_buttplug_sex_lead_in_2
Playing Spine reyna_buttplug_sex_lead_in_2
Playing Spine reyna_buttplug_sex_lead_in_2
Playing Spine reyna_buttplug_sex_lead_in_3
Playing Spine reyna_buttplug_sex_lead_in_3
Playing Spine reyna_buttplug_sex_lead_in_3
Playing Spine reyna_buttplug_sex_lead_in_3
Playing Spine reyna_buttplug_sex_lead_in_4
Playing Spine reyna_buttplug_sex_lead_in_4
Playing Spine reyna_buttplug_sex_lead_in_4
Playing Spine reyna_buttplug_sex_lead_in_4
Playing Spine reyna_buttplug_sex_lead_in_4
Playing Spine reyna_buttplug_sex_lead_in_4
Playing Spine 01_startIdle
Playing Spine 01_startIdle
Playing Spine 01_startIdle
Playing Spine 01_startIdle
Playing Spine 01_startIdle
Playing Spine 03_insert_plug
Playing Spine 04_insert_plug_idle
Playing Spine 04_insert_plug_idle
Playing Spine 04_insert_plug_idle
Playing Spine 04_insert_plug_idle
Playing Spine 04_insert_plug_idle
Playing Spine 05a_tugOut_plug
Playing Spine 05b_tugOut_plug_idle
Playing Spine 05b_tugOut_plug_idle
Playing Spine 05b_tugOut_plug_idle
Playing Spine 03_insert_plug
Playing Spine 04_insert_plug_idle
Playing Spine 04_insert_plug_idle
Playing Spine 04_insert_plug_idle
Playing Spine 01_start_idle
Playing Spine 01_start_idle
Playing Spine 01_start_idle
Playing Spine 01_start_idle
Playing Spine 02_insert_dick
Playing Spine 03_insert_dick_idle
Playing Spine 03_insert_dick_idle
Playing Spine 03_insert_dick_idle
Playing Spine 03_insert_dick_idle
Playing Spine 04b_fuck_slow_loop
Playing Spine 04b_fuck_slow_loop
Playing Spine 04b_fuck_slow_loop
Playing Spine 04b_fuck_slow_loop
Playing Spine 04b_fuck_slow_loop
Playing Spine 04b_fuck_slow_loop
Playing Spine 04b_fuck_slow_loop
Playing Spine 05_fuck_fast
Playing Spine 05_fuck_fast
Playing Spine 05_fuck_fast
Playing Spine 05_fuck_fast
Playing Spine 06_cum_inside
Playing Spine 07_cum_inside_idle
Playing Spine 07_cum_inside_idle
Playing Spine 07_cum_inside_idle
Playing Spine 08_pullout
Playing Spine 09_pullout_idle
Playing Spine 09_pullout_idle
Playing Spine 09_pullout_idle
Playing Spine 09_pullout_idle
Playing animation QuestNotification
Playing animation hide_during_notification
Invalid animation hide_during_notification
Triggered event triggerquest=reynaarrives_2
Triggered event add=jack, 1
Triggered event add=reyna, 3
Triggered event stopspanking
Triggered event add=reyna, 2
Triggered event remove=reyna
Triggered event add=reyna,2
Triggered event add=reyna,3
Playing animation QuestNotification
Playing animation hide_during_notification
Invalid animation hide_during_notification
Triggered event triggerquest=reynapractice_1
Triggered event add=reyna,4
Triggered event remove=reyna
Triggered event add=jack, 2
Playing animation notification
Triggered event unlockrepeatable=reyna
Playing animation conversation_popout_full
Playing animation OpenQuestUI
Playing animation CloseQuestUI
Starting conversation BasicSleep with myself
Validating room: Seahut2
Triggered event clearfailsafe
Queuing conversation alone_dreams (BrightBit.Conversation)
Triggered event generatedreamflags
Triggered event advancetonight
Starting conversation alone_dreams with myself
Playing animation datetime_flip_up then datetime_flip_down
Triggered event advanceday
Validating room: Seahut2
Playing animation conversation_popout_full
Starting conversation hotfixes with myself
Starting conversation story_reminders with myself
Triggered event add=jack, 2
Triggered event sfx=phoneringloop
Triggered event stopsfx
Playing animation open_handphone
Triggered event message=tori, tori_recruitment
Playing animation conversation_popout_full
Starting conversation 073_Recruitment with myself
Triggered event add=jack, 2
Triggered event closehp
Validating room: Lobby
Releasing room Hangar (UnityEngine.GameObject)
Validating room: Lobby
Validating room: Lobby
Playing animation location_exit_up then location_enter_up
Triggered event add=jack, 1
Triggered event add=tori, 3
Triggered event add=erik, 4
Triggered event remove=erik
Playing animation QuestNotification
Playing animation hide_during_notification
Invalid animation hide_during_notification
Triggered event triggerquest=eriknews_2
Triggered event add=jack, 2
Triggered event remove=tori
Triggered event triggerquest=recruitasv_1
Triggered event triggerquest=recruitmlm_1
Playing animation QuestNotification
Playing animation hide_during_notification
Invalid animation hide_during_notification
Triggered event triggerquest=recruitgrf_1
Triggered event triggerquest=recruitrg_1
Playing animation conversation_popout_full
Playing animation QuestNotification
Playing animation hide_during_notification
Invalid animation hide_during_notification
Playing animation OpenQuestUI
Playing animation QuestNotification
Playing animation hide_during_notification
Invalid animation hide_during_notification
Playing animation CloseQuestUI
Validating room: map
Playing animation location_exit_up then location_enter_up
Validating room: Gym
Releasing room DressingRoom (UnityEngine.GameObject)
Playing animation location_exit_up then location_enter_up
Playing animation QuestNotification
Playing animation hide_during_notification
Invalid animation hide_during_notification
Starting conversation 080_RecruitGrace with myself
Triggered event add=jack, 1
Triggered event add=grace, 3
Triggered event add=rachel, 4
Queuing conversation 082_RecruitGraceRachel (BrightBit.Conversation)
Triggered event queueconversation=082_recruitgracerachel
Starting conversation 082_RecruitGraceRachel with myself
Triggered event add=jack, 1
Triggered event add=grace, 3
Triggered event add=rachel, 4
Playing animation QuestNotification
Playing animation hide_during_notification
Invalid animation hide_during_notification
Triggered event triggerquest=recruitgrf_2
Triggered event add=jack, 2
Triggered event remove=grace
Triggered event remove=rachel
Triggered event advancetime
Playing animation conversation_popout_full
Advancing time: Day 31 ( Day)
Playing animation datetime_flip_up then datetime_flip_down
Validating room: map
Playing animation location_exit_up then location_enter_up
Playing animation OpenQuestUI
Playing animation CloseQuestUI
Validating room: Garden
Releasing room Laptop (UnityEngine.GameObject)
Playing animation location_exit_up then location_enter_up
Starting conversation 074_RecruitAndrea with myself
Triggered event add=jack, 1
Triggered event add=andrea, 3
Triggered event add=jenn, 4
Triggered event add=jenn, 3
Triggered event add=andrea,4
Triggered event add=jenn, 3
Triggered event add=andrea,4
Playing animation QuestNotification
Playing animation hide_during_notification
Invalid animation hide_during_notification
Triggered event triggerquest=recruitasv_2
Triggered event advancetime
Playing animation conversation_popout_full
Advancing time: Day 31 ( Evening)
Playing animation datetime_flip_up then datetime_flip_down
Validating room: map
Playing animation location_exit_up then location_enter_up
Validating room: YogaSala
Releasing room Dock (UnityEngine.GameObject)
Playing animation location_exit_up then location_enter_up
Starting conversation 075_RecruitSophia with myself
Triggered event add=jack, 1
Triggered event add=sophia, 3
Validating room: RopewaysWaterfall
Releasing room SeaHut2 (UnityEngine.GameObject)
Validating room: RopewaysWaterfall
Validating room: RopewaysWaterfall
Playing animation location_exit_up then location_enter_up
Triggered event remove=sophia
Triggered event add=jack, 2
Advancing time: Day 31 ( Night)
Playing animation datetime_flip_up then datetime_flip_down
Triggered event advancetime
Playing animation QuestNotification
Playing animation hide_during_notification
Invalid animation hide_during_notification
Triggered event triggerquest=recruitasv_3
Playing animation conversation_popout_full
Validating room: YogaSala
Playing animation location_exit_up then location_enter_up
Validating room: map
Playing animation location_exit_up then location_enter_up
Playing animation OpenQuestUI
Playing animation CloseQuestUI
Validating room: Seahut2
Releasing room Lobby (UnityEngine.GameObject)
Playing animation location_exit_up then location_enter_up
Starting conversation BasicSleep with myself
Validating room: Seahut2
Triggered event clearfailsafe
Queuing conversation alone_dreams (BrightBit.Conversation)
Triggered event generatedreamflags
Triggered event advancetonight
Starting conversation alone_dreams with myself
Playing animation datetime_flip_up then datetime_flip_down
Triggered event advanceday
Validating room: Seahut2
Playing animation conversation_popout_full
Starting conversation hotfixes with myself
Playing animation conversation_popout_full
Playing animation OpenQuestUI
Playing animation CloseQuestUI
Validating room: map
Playing animation location_exit_up then location_enter_up
Validating room: Sunbeach
Releasing room Gym (UnityEngine.GameObject)
Playing animation location_exit_up then location_enter_up
Starting conversation 076_RecruitVivian with myself
Triggered event add=jack, 1
Triggered event add=vivian, 3
Triggered event lightscreenshake
Triggered event sfx=door_slam
Playing animation QuestNotification
Playing animation hide_during_notification
Invalid animation hide_during_notification
Triggered event triggerquest=recruitasv_4
Validating room: Bungalows
Releasing room Garden (UnityEngine.GameObject)
Validating room: Bungalows
Validating room: Bungalows
Playing animation location_exit_up then location_enter_up
Advancing time: Day 32 ( Day)
Playing animation datetime_flip_up then datetime_flip_down
Triggered event advancetime
Triggered event remove=vivian
Playing animation conversation_popout_full
Playing animation OpenQuestUI
Playing animation CloseQuestUI
Validating room: map
Playing animation location_exit_up then location_enter_up
Validating room: HiddenLake
Releasing room RopewaysWaterfall (UnityEngine.GameObject)
Playing animation location_exit_up then location_enter_up
Starting conversation 083_RecruitFreya with myself
Triggered event add=jack, 1
Triggered event add=freya, 3
Triggered event add=rachel, 4
Playing animation QuestNotification
Playing animation hide_during_notification
Invalid animation hide_during_notification
Triggered event triggerquest=recruitgrf_3
Triggered event add=jack, 2
Triggered event remove=rachel
Triggered event remove=freya
Triggered event advancetime
Playing animation conversation_popout_full
Advancing time: Day 32 ( Evening)
Playing animation datetime_flip_up then datetime_flip_down
Playing animation OpenQuestUI
Playing animation CloseQuestUI
Validating room: map
Playing animation location_exit_up then location_enter_up
Validating room: Dock
Releasing room YogaSala (UnityEngine.GameObject)
Playing animation location_exit_up then location_enter_up
Starting conversation 084_RecruitReyna with myself
Triggered event add=jack, 1
Triggered event add=reyna, 3
Playing animation QuestNotification
Playing animation hide_during_notification
Invalid animation hide_during_notification
Triggered event triggerquest=recruitrg_2
Triggered event advancetime
Playing animation conversation_popout_full
Advancing time: Day 32 ( Night)
Playing animation datetime_flip_up then datetime_flip_down
Validating room: map
Playing animation location_exit_up then location_enter_up
Validating room: Seahut2
Playing animation location_exit_up then location_enter_up
Starting conversation BasicSleep with myself
Validating room: Seahut2
Triggered event clearfailsafe
Queuing conversation alone_dreams (BrightBit.Conversation)
Triggered event generatedreamflags
Triggered event advancetonight
Starting conversation alone_dreams with myself
Playing animation datetime_flip_up then datetime_flip_down
Triggered event advanceday
Validating room: Seahut2
Playing animation conversation_popout_full
Starting conversation hotfixes with myself
Playing animation conversation_popout_full
Validating room: map
Playing animation location_exit_up then location_enter_up
Validating room: Cabin
Releasing room Sunbeach (UnityEngine.GameObject)
Playing animation location_exit_up then location_enter_up
Starting conversation 085_RecruitGabby with myself
Triggered event add=jack, 1
Triggered event add=gabby, 3
Triggered event add=cath, 4
Playing animation QuestNotification
Playing animation hide_during_notification
Invalid animation hide_during_notification
Triggered event triggerquest=recruitrg_3
Validating room: Dock
Validating room: Dock
Validating room: Dock
Playing animation location_exit_up then location_enter_up
Triggered event remove=cath
Triggered event remove=gabby
Advancing time: Day 33 ( Day)
Playing animation datetime_flip_up then datetime_flip_down
Triggered event advancetime
Playing animation conversation_popout_full
Playing animation OpenQuestUI
Playing animation CloseQuestUI
Validating room: map
Playing animation location_exit_up then location_enter_up
Validating room: Pool
Releasing room Bungalows (UnityEngine.GameObject)
Playing animation location_exit_up then location_enter_up
Starting conversation 077_RecruitMaria with myself
Triggered event add=jack, 1
Triggered event add=maria, 3
Playing animation QuestNotification
Playing animation hide_during_notification
Invalid animation hide_during_notification
Triggered event triggerquest=recruitmlm_2
Triggered event advancetime
Playing animation conversation_popout_full
Advancing time: Day 33 ( Evening)
Playing animation datetime_flip_up then datetime_flip_down
Playing animation OpenQuestUI
Playing animation CloseQuestUI
Validating room: map
Playing animation location_exit_up then location_enter_up
Validating room: Hangar
Releasing room HiddenLake (UnityEngine.GameObject)
Playing animation location_exit_up then location_enter_up
Starting conversation 078_RecruitLuana with myself
Triggered event add=jack, 1
Triggered event add=luana, 3
Validating room: Airfield
Releasing room SeaHut2 (UnityEngine.GameObject)
Validating room: Airfield
Validating room: Airfield
Playing animation location_exit_up then location_enter_up
Advancing time: Day 33 ( Night)
Playing animation datetime_flip_up then datetime_flip_down
Triggered event advancetime
Triggered event remove=luana
Playing animation QuestNotification
Playing animation hide_during_notification
Invalid animation hide_during_notification
Triggered event triggerquest=recruitmlm_3
Playing animation conversation_popout_full
Validating room: Seahut2
Releasing room Cabin (UnityEngine.GameObject)
Playing animation location_exit_up then location_enter_up
Starting conversation BasicSleep with myself
Validating room: Seahut2
Triggered event clearfailsafe
Queuing conversation alone_dreams (BrightBit.Conversation)
Triggered event generatedreamflags
Triggered event advancetonight
Starting conversation alone_dreams with myself
Playing animation datetime_flip_up then datetime_flip_down
Triggered event advanceday
Validating room: Seahut2
Playing animation conversation_popout_full
Starting conversation hotfixes with myself
Playing animation conversation_popout_full
Playing animation OpenQuestUI
Playing animation CloseQuestUI
Validating room: map
Playing animation location_exit_up then location_enter_up
Validating room: Backroom
Releasing room Dock (UnityEngine.GameObject)
Playing animation location_exit_up then location_enter_up
Starting conversation 079_RecruitMina with myself
Triggered event add=jack, 1
Triggered event add=mina, 3
Validating room: bar_closeup
Releasing room Pool (UnityEngine.GameObject)
Validating room: bar_closeup
Validating room: bar_closeup
Playing animation location_exit_up then location_enter_up
Triggered event add=mina, 1
Triggered event add=jack, 14
Triggered event add=jack, 3
Triggered event add=mina, 0
Triggered event add=jack, 2
Triggered event add=misun, 4
Triggered event add=mina, 0
Triggered event add=jack, 1
Triggered event add=misun, 12
Triggered event setcocodrinkname2
Triggered event add=scarlett, 4
Triggered event add=scarlett, 13
Triggered event add=jack, 0
Triggered event add=mina, 1
Triggered event add=mina, 0
Triggered event add=jack ,1
Playing animation frontend_topleft_exit
Playing animation frontend_topright_exit
Playing animation frontend_topcenter_exit
Invalid animation frontend_topcenter_exit
Playing animation frontend_topleft_enter
Playing animation frontend_topright_enter
Playing animation frontend_topcenter_enter
Invalid animation frontend_topcenter_enter
Triggered event add=scarlett, 4
Triggered event remove=scarlett
Playing animation QuestNotification
Playing animation hide_during_notification
Invalid animation hide_during_notification
Triggered event triggerquest=recruitmlm_4
Triggered event triggerquest=recruitolga_1
Playing animation QuestNotification
Playing animation hide_during_notification
Invalid animation hide_during_notification
Validating room: Bar
Releasing room Hangar (UnityEngine.GameObject)
Validating room: Bar
Validating room: Bar
Playing animation location_exit_up then location_enter_up
Advancing time: Day 34 ( Day)
Playing animation datetime_flip_up then datetime_flip_down
Triggered event advancetime
Playing animation conversation_popout_full
Playing animation OpenQuestUI
Playing animation notification
Playing animation CloseQuestUI
Playing animation OpenQuestUI
Playing animation CloseQuestUI
Validating room: map
Playing animation location_exit_up then location_enter_up
Validating room: Lobby
Releasing room Airfield (UnityEngine.GameObject)
Playing animation location_exit_up then location_enter_up
Starting conversation 086_RecruitOlga with myself
Triggered event add=olga, 1
Triggered event add=jack, 3
Validating room: BambooPath
Releasing room SeaHut2 (UnityEngine.GameObject)
Validating room: BambooPath
Validating room: BambooPath
Playing animation location_exit_up then location_enter_up
Triggered event add=jack, 3
Triggered event add=olga, 1
Validating room: gazebo
Character Spine Sit(Clone) destroyed
Character Spine Sit(Clone) destroyed
Releasing room Backroom (UnityEngine.GameObject)
Validating room: gazebo
Validating room: gazebo
Playing animation location_exit_up then location_enter_up
Triggered event add=jack ,6
Triggered event add=olga, 8
Playing animation QuestNotification
Playing animation hide_during_notification
Invalid animation hide_during_notification
Triggered event triggerquest=recruitolga_2
Validating room: BambooPath
Validating room: BambooPath
Validating room: BambooPath
Playing animation location_exit_up then location_enter_up
Triggered event add=olga, 2
Triggered event add=jack, 3
Triggered event remove=olga
Triggered event add=olga, 2
Triggered event add=olga, 1
Playing animation QuestNotification
Playing animation hide_during_notification
Invalid animation hide_during_notification
Triggered event triggerquest=reportrecruit_1
Triggered event remove=olga
Playing animation conversation_popout_full
Playing animation OpenQuestUI
Playing animation CloseQuestUI
Validating room: map
Playing animation location_exit_up then location_enter_up
Validating room: Sunbeach
Releasing room Bar_closeup (UnityEngine.GameObject)
Playing animation location_exit_up then location_enter_up
Starting conversation 087_ReportRecruit with myself
Triggered event add=jack, 3
Triggered event add=tori, 1
Validating room: Lobby
Validating room: Lobby
Validating room: Lobby
Playing animation location_exit_up then location_enter_up
Triggered event add=tori, 0
Triggered event add=jack, 1
Triggered event add=erik, 3
Triggered event add=raven, 4
Triggered event add=raven,3
Triggered event remove=erik
Triggered event gainitem=raven_camera, 1
Triggered event add=jack, 2
Triggered event remove=tori
Triggered event remove=raven
Playing animation QuestNotification
Playing animation hide_during_notification
Invalid animation hide_during_notification
Triggered event triggerquest=reportrecruit_2
Triggered event triggerquest=interviewfreya_1
Triggered event triggerquest=interviewreyna_1
Triggered event triggerquest=interviewgabby_1
Triggered event triggerquest=interviewvivian_1
Triggered event advancetime
Playing animation conversation_popout_full
Advancing time: Day 34 ( Evening)
Playing animation datetime_flip_up then datetime_flip_down
Playing animation QuestNotification
Playing animation hide_during_notification
Invalid animation hide_during_notification
Playing animation OpenQuestUI
Playing animation QuestNotification
Playing animation hide_during_notification
Invalid animation hide_during_notification
Playing animation CloseQuestUI
Validating room: map
Playing animation location_exit_up then location_enter_up
Playing animation QuestNotification
Playing animation hide_during_notification
Invalid animation hide_during_notification
Validating room: Sunbeach
Playing animation location_exit_up then location_enter_up
Starting conversation 090_InterviewFreyaLuana with myself
Triggered event add=jack, 1
Triggered event add=freya, 3
Playing animation QuestNotification
Playing animation hide_during_notification
Invalid animation hide_during_notification
Playing animation conversation_popout_full
Playing animation OpenQuestUI
Playing animation CloseQuestUI
Validating room: map
Playing animation location_exit_up then location_enter_up
Validating room: Cabin
Releasing room Bar (UnityEngine.GameObject)
Playing animation location_exit_up then location_enter_up
Starting conversation 088_InterviewGabby with myself
Triggered event add=jack, 1
Playing animation conversation_popout_full
Advancing time: Day 34 ( Night)
Playing animation datetime_flip_up then datetime_flip_down
Starting conversation kickout_dock with myself
Validating room: Dock
Releasing room Gazebo (UnityEngine.GameObject)
Validating room: Dock
Validating room: Dock
Playing animation location_exit_up then location_enter_up
Playing animation conversation_popout_full
Validating room: Seahut2
Releasing room BambooPath (UnityEngine.GameObject)
Playing animation location_exit_up then location_enter_up
Starting conversation BasicSleep with myself
Validating room: Seahut2
Triggered event clearfailsafe
Queuing conversation alone_dreams (BrightBit.Conversation)
Triggered event generatedreamflags
Triggered event advancetonight
Starting conversation alone_dreams with myself
Playing animation datetime_flip_up then datetime_flip_down
Triggered event advanceday
Validating room: Seahut2
Playing animation conversation_popout_full
Starting conversation hotfixes with myself
Playing animation conversation_popout_full
Validating room: map
Playing animation location_exit_up then location_enter_up
Validating room: Cabin
Playing animation location_exit_up then location_enter_up
Starting conversation 088_InterviewGabby with myself
Triggered event add=jack, 1
Triggered event add=gabby, 3
Triggered event add=cath, 4
Triggered event add=cath, 3
Triggered event add=gabby,4
Triggered event add=cath ,2
Triggered event remove=gabby
Triggered event detach=gabby, itemhat
Triggered event add=gabby, 4
Triggered event add=gabby, 3
Validating room: dock_side
Releasing room Lobby (UnityEngine.GameObject)
Validating room: dock_side
Validating room: dock_side
Playing animation location_exit_up then location_enter_up
Triggered event remove=cath
Triggered event add=gabby,3
Validating room: ResortBeach
Releasing room Sunbeach (UnityEngine.GameObject)
Validating room: ResortBeach
Validating room: ResortBeach
Playing animation location_exit_up then location_enter_up
Playing Spine gabby_glamshot_swimsuitLagoon_01_start
Playing Spine gabby_glamshot_swimsuitLagoon_01_start
Playing Spine gabby_glamshot_swimsuitLagoon_01_start
Playing Spine gabby_glamshot_swimsuitLagoon_01_start
Playing Spine gabby_glamshot_swimsuitLagoon_01_start
Playing Spine gabby_glamshot_swimsuitLagoon_01_start
Playing Spine gabby_glamshot_swimsuitLagoon_01_start
Playing Spine gabby_glamshot_swimsuitLagoon_02_loop
Playing Spine gabby_glamshot_swimsuitLagoon_02_loop
Playing Spine gabby_glamshot_swimsuitLagoon_02_loop
Playing Spine gabby_glamshot_swimsuitLagoon_03_zoomout
Playing Spine gabby_glamshot_swimsuitLagoon_04_loopEnd
Playing Spine gabby_glamshot_swimsuitLagoon_04_loopEnd
Playing Spine gabby_glamshot_swimsuitLagoon_04_loopEnd
Playing Spine gabby_glamshot_swimsuitLagoon_04_loopEnd
Playing Spine gabby_glamshot_swimsuitLagoon_04_loopEnd
Playing Spine gabby_glamshot_swimsuitLagoon_04_loopEnd
Playing Spine gabby_glamshot_swimsuitLagoon_04_loopEnd
Playing Spine gabby_glamshot_swimsuitLagoon_04_loopEnd
Playing Spine gabby_glamshot_swimsuitLagoon_04_loopEnd
Playing Spine gabby_glamshot_swimsuitLagoon_04_loopEnd
Playing Spine gabby_glamshot_swimsuitLagoon_04_loopEnd
Playing Spine gabby_glamshot_swimsuitLagoon_04_loopEnd
Playing Spine gabby_glamshot_swimsuitLagoon_04_loopEnd
Playing Spine gabby_glamshot_swimsuitLagoon_04_loopEnd
Playing Spine gabby_glamshot_swimsuitLagoon_04_loopEnd
Playing Spine gabby_glamshot_swimsuitLagoon_04_loopEnd
Playing Spine gabby_glamshot_swimsuitLagoon_04_loopEnd
Playing Spine gabby_glamshot_swimsuitLagoon_04_loopEnd
Playing Spine gabby_glamshot_swimsuitLagoon_04_loopEnd
Playing Spine gabby_glamshot_swimsuitLagoon_04_loopEnd
Playing Spine gabby_glamshot_swimsuitLagoon_04_loopEnd
Playing Spine gabby_glamshot_swimsuitLagoon_04_loopEnd
Playing Spine gabby_glamshot_swimsuitLagoon_04_loopEnd
Playing Spine gabby_glamshot_swimsuitLagoon_04_loopEnd
Advancing time: Day 35 ( Day)
Playing animation datetime_flip_up then datetime_flip_down
Triggered event advancetime
Triggered event add=cath, 0
Triggered event remove=cath
Triggered event remove=gabby
Playing animation QuestNotification
Playing animation hide_during_notification
Invalid animation hide_during_notification
Triggered event triggerquest=interviewgabby_2
Triggered event attach=gabby, itemhat
Triggered event triggerquest=interviewolga_1
Playing animation conversation_popout_full
Playing animation OpenQuestUI
Playing animation QuestNotification
Playing animation hide_during_notification
Invalid animation hide_during_notification
Playing animation CloseQuestUI
Validating room: Seahut1
Releasing room Dock (UnityEngine.GameObject)
Playing animation location_exit_up then location_enter_up
Validating room: map
Playing animation location_exit_up then location_enter_up
Validating room: Dock
Releasing room SeaHut2 (UnityEngine.GameObject)
Playing animation location_exit_up then location_enter_up
Starting conversation 091_InterviewReyna with myself
Triggered event add=jack, 1
Triggered event add=reyna, 3
Validating room: Seahut1
Validating room: Seahut1
Validating room: Seahut1
Playing animation location_exit_up then location_enter_up
Triggered event add=reyna, 7
Triggered event add=jack, 10
Triggered event setzoom=zoom_in_bed
Triggered event add=jack, 6
Triggered event add=reyna, 11
Triggered event add=reyna,10
Triggered event add=reyna, 7
Can't click through because of Log
Can't click through because of Log
Validating room: Poolside
Releasing room Cabin (UnityEngine.GameObject)
Validating room: Poolside
Validating room: Poolside
Playing animation location_exit_up then location_enter_up
Triggered event setblackout=0
Triggered event add=jack,6
Triggered event add=reyna,5
Triggered event setzoominstant=-1
Playing Spine reyna_glamshot_pool_1
Playing Spine reyna_glamshot_pool_2
Playing Spine reyna_glamshot_pool_3
Playing Spine reyna_glamshot_pool_3
Playing Spine reyna_glamshot_pool_3
Playing Spine reyna_glamshot_pool_4
Playing Spine reyna_glamshot_pool_4
Playing Spine reyna_glamshot_pool_4
Validating room: Pool
Releasing room dock_side (UnityEngine.GameObject)
Validating room: Pool
Validating room: Pool
Playing animation location_exit_up then location_enter_up
Advancing time: Day 35 ( Evening)
Playing animation datetime_flip_up then datetime_flip_down
Triggered event advancetime
Triggered event setblackout=0
Triggered event setzoom=-1
Triggered event add=jack, 1
Triggered event add=reyna, 3
Triggered event add=reyna, 2
Triggered event remove=reyna
Triggered event add=reyna,2
Triggered event add=reyna, 3
Triggered event remove=reyna
Playing animation QuestNotification
Playing animation hide_during_notification
Invalid animation hide_during_notification
Triggered event triggerquest=interviewreyna_2
Triggered event triggerquest=interviewmaria_1
Playing animation QuestNotification
Playing animation hide_during_notification
Invalid animation hide_during_notification
Triggered event sfx=phoneringloop
Triggered event stopsfx
Playing animation open_handphone
Triggered event message=reyna_chicharon
Playing animation conversation_popout_full
Playing animation notification
Starting conversation 092_InterviewReyna2 with myself
Triggered event add=jack, 2
Trying to unlock wallpaper reyna_001 more than once
Triggered event closehp
Playing animation conversation_popout_full
Playing animation OpenQuestUI
Playing animation CloseQuestUI
Validating room: map
Playing animation location_exit_up then location_enter_up
Validating room: YogaSala
Releasing room ResortBeach (UnityEngine.GameObject)
Playing animation location_exit_up then location_enter_up
Starting conversation 095_InterviewVivian with myself
Triggered event add=jack, 1
Triggered event add=vivian, 3
Playing animation conversation_popout_full
Advancing time: Day 35 ( Night)
Playing animation datetime_flip_up then datetime_flip_down
Validating room: Seahut2
Releasing room Dock (UnityEngine.GameObject)
Playing animation location_exit_up then location_enter_up
Starting conversation BasicSleep with myself
Validating room: Seahut2
Triggered event clearfailsafe
Queuing conversation alone_dreams (BrightBit.Conversation)
Triggered event generatedreamflags
Triggered event advancetonight
Starting conversation alone_dreams with myself
Playing animation datetime_flip_up then datetime_flip_down
Triggered event advanceday
Validating room: Seahut2
Playing animation conversation_popout_full
Starting conversation hotfixes with myself
Playing animation conversation_popout_full
Validating room: map
Playing animation location_exit_up then location_enter_up
Validating room: Sunbeach
Releasing room SeaHut1 (UnityEngine.GameObject)
Playing animation location_exit_up then location_enter_up
Starting conversation 095_InterviewVivian with myself
Triggered event add=jack, 1
Triggered event add=vivian, 3
Playing animation conversation_popout_full
Validating room: map
Playing animation location_exit_up then location_enter_up
Validating room: Cove
Releasing room Poolside (UnityEngine.GameObject)
Playing animation location_exit_up then location_enter_up
Starting conversation 090_InterviewFreyaLuana with myself
Triggered event add=jack, 1
Triggered event add=freya, 3
Playing animation conversation_popout_full
Playing animation OpenQuestUI
Playing animation CloseQuestUI
Validating room: map
Playing animation location_exit_up then location_enter_up
Validating room: Lobby
Releasing room Pool (UnityEngine.GameObject)
Playing animation location_exit_up then location_enter_up
Starting conversation 089_InterviewOlga with myself
Triggered event add=olga, 1
Triggered event add=jack, 3
Playing animation conversation_popout_full
Advancing time: Day 36 ( Day)
Playing animation datetime_flip_up then datetime_flip_down
Validating room: map
Playing animation location_exit_up then location_enter_up
Validating room: YogaSala
Playing animation location_exit_up then location_enter_up
Starting conversation 095_InterviewVivian with myself
Triggered event add=jack, 1
Triggered event add=vivian, 3
Triggered event add=andrea, 4
Triggered event add=vivian,2
Validating room: RopewaysWaterfall
Releasing room SeaHut2 (UnityEngine.GameObject)
Validating room: RopewaysWaterfall
Validating room: RopewaysWaterfall
Playing animation location_exit_up then location_enter_up
Triggered event add=vivian, 3
Triggered event add=jack, 1
Triggered event remove=andrea
Validating room: Ropeways
Releasing room Sunbeach (UnityEngine.GameObject)
Validating room: Ropeways
Validating room: Ropeways
Playing animation location_exit_up then location_enter_up
Triggered event add=jack, 1
Triggered event add=vivian, 3
Validating room: TreehouseB
Character Spine Sit(Clone) destroyed
Character Spine Sit(Clone) destroyed
Releasing room Cove (UnityEngine.GameObject)
Validating room: TreehouseB
Validating room: TreehouseB
Playing animation location_exit_up then location_enter_up
Triggered event add=jack, 1
Triggered event add=vivian, 3
Validating room: TreehouseB_netloft
Releasing room Lobby (UnityEngine.GameObject)
Validating room: TreehouseB_netloft
Validating room: TreehouseB_netloft
Playing animation location_exit_up then location_enter_up
Triggered event add=jack, 3
Triggered event remove=vivian
Triggered event add=vivian, 5
Validating room: RopewaysWaterfall
Validating room: RopewaysWaterfall
Validating room: RopewaysWaterfall
Playing animation location_exit_up then location_enter_up
Playing Spine vivian_glamshot_swimsuit_01
Playing Spine vivian_glamshot_swimsuit_02
Playing Spine vivian_glamshot_swimsuit_02
Playing Spine vivian_glamshot_swimsuit_02
Playing Spine vivian_glamshot_swimsuit_02
Playing Spine vivian_glamshot_swimsuit_02
Playing Spine vivian_glamshot_swimsuit_02
Playing Spine vivian_glamshot_swimsuit_02
Playing Spine vivian_glamshot_swimsuit_02
Playing Spine vivian_glamshot_swimsuit_02
Playing Spine vivian_glamshot_swimsuit_02
Playing Spine vivian_glamshot_swimsuit_02
Playing Spine vivian_glamshot_swimsuit_02
Playing Spine vivian_glamshot_swimsuit_02
Playing Spine vivian_glamshot_swimsuit_02
Playing Spine vivian_glamshot_swimsuit_02
Playing Spine vivian_glamshot_swimsuit_02
Playing Spine vivian_glamshot_swimsuit_02
Playing Spine vivian_glamshot_swimsuit_02
Playing Spine vivian_glamshot_swimsuit_02
Playing Spine vivian_glamshot_swimsuit_02
Playing Spine vivian_glamshot_swimsuit_02
Triggered event add=jack, 1
Triggered event add=vivian, 3
Advancing time: Day 36 ( Evening)
Playing animation datetime_flip_up then datetime_flip_down
Triggered event advancetime
Triggered event setblackout=0
Validating room: TreehouseB
Validating room: TreehouseB
Validating room: TreehouseB
Playing animation location_exit_up then location_enter_up
Validating room: Ropeways
Validating room: Ropeways
Validating room: Ropeways
Playing animation location_exit_up then location_enter_up
Triggered event add=jack, 1
Triggered event remove=vivian
Playing animation QuestNotification
Playing animation hide_during_notification
Invalid animation hide_during_notification
Triggered event triggerquest=interviewvivian_2
Playing animation conversation_popout_full
Playing animation OpenQuestUI
Playing animation CloseQuestUI
Validating room: map
Playing animation location_exit_up then location_enter_up
Validating room: Lobby
Releasing room YogaSala (UnityEngine.GameObject)
Playing animation location_exit_up then location_enter_up
Starting conversation 089_InterviewOlga with myself
Triggered event add=olga, 1
Triggered event add=jack, 3
Validating room: Bungalows
Releasing room TreehouseB_netloft (UnityEngine.GameObject)
Validating room: Bungalows
Validating room: Bungalows
Playing animation location_exit_up then location_enter_up
Triggered event add=jack, 4
Triggered event add=olga, 3
Triggered event add=olga, 2
Triggered event add=olga, 1
Triggered event add=jack, 3
Triggered event remove=olga
Triggered event add=jack, 2
Triggered event add=rachel,4
Triggered event remove=rachel
Triggered event add=rachel, 4
Triggered event remove=rachel
Validating room: BungalowA
Releasing room RopewaysWaterfall (UnityEngine.GameObject)
Validating room: BungalowA
Validating room: BungalowA
Playing animation location_exit_up then location_enter_up
Triggered event add=jack, 1
Triggered event add=olga, 3
Validating room: BungalowA_BedSide
Releasing room treehouseB (UnityEngine.GameObject)
Validating room: BungalowA_BedSide
Validating room: BungalowA_BedSide
Playing animation location_exit_up then location_enter_up
Triggered event setblackout=0
Triggered event add=jack, 5
Triggered event add=olga, 6
Triggered event add=olga, 7
Triggered event add=olga, 7
Triggered event add=olga, 6
Playing Spine olga_glamshot_lingerieRoom_01_begin
Playing Spine olga_glamshot_lingerieRoom_01_begin
Playing Spine olga_glamshot_lingerieRoom_01_begin
Playing Spine olga_glamshot_lingerieRoom_02_loop
Playing Spine olga_glamshot_lingerieRoom_03_zoom_out
Playing Spine olga_glamshot_lingerieRoom_03_zoom_out
Playing Spine olga_glamshot_lingerieRoom_03_zoom_out
Playing Spine olga_glamshot_lingerieRoom_04_loop_end
Playing Spine olga_glamshot_lingerieRoom_04_loop_end
Playing Spine olga_glamshot_lingerieRoom_04_loop_end
Playing Spine olga_glamshot_lingerieRoom_04_loop_end
Playing Spine olga_glamshot_lingerieRoom_04_loop_end
Playing Spine olga_glamshot_lingerieRoom_04_loop_end
Playing Spine olga_glamshot_lingerieRoom_04_loop_end
Playing Spine olga_glamshot_lingerieRoom_04_loop_end
Playing Spine olga_glamshot_lingerieRoom_04_loop_end
Playing Spine olga_glamshot_lingerieRoom_04_loop_end
Playing Spine olga_glamshot_lingerieRoom_04_loop_end
Playing Spine olga_glamshot_lingerieRoom_04_loop_end
Playing Spine olga_glamshot_lingerieRoom_04_loop_end
Validating room: BungalowA
Validating room: BungalowA
Validating room: BungalowA
Playing animation location_exit_up then location_enter_up
Triggered event add=jack, 1
Triggered event add=olga, 3
Triggered event setblackout=0
Advancing time: Day 36 ( Night)
Playing animation datetime_flip_up then datetime_flip_down
Triggered event advancetonight
Playing animation QuestNotification
Playing animation hide_during_notification
Invalid animation hide_during_notification
Triggered event triggerquest=interviewolga_2
Validating room: BungalowA_Bed
Releasing room Ropeways (UnityEngine.GameObject)
Validating room: BungalowA_Bed
Validating room: BungalowA_Bed
Playing animation location_exit_up then location_enter_up
Triggered event remove=jack
Triggered event remove=olga
Character Spine 0ed39a26cbd09bc47b2ec0eba59a9226 destroyed
Validating room: Seahut2
Releasing room Lobby (UnityEngine.GameObject)
Validating room: Seahut2
Validating room: Seahut2
Playing animation location_exit_up then location_enter_up
Playing animation datetime_flip_up then datetime_flip_down
Triggered event advanceday
Playing animation conversation_popout_full
Starting conversation hotfixes with myself
Playing animation conversation_popout_full
Playing animation OpenQuestUI
Playing animation CloseQuestUI
Validating room: map
Playing animation location_exit_up then location_enter_up
Playing animation OpenQuestUI
Playing animation CloseQuestUI
Validating room: Lounge
Releasing room Bungalows (UnityEngine.GameObject)
Playing animation location_exit_up then location_enter_up
Validating room: map
Playing animation location_exit_up then location_enter_up
Validating room: RopewaysWaterfall
Releasing room BungalowA_BedSide (UnityEngine.GameObject)
Playing animation location_exit_up then location_enter_up
Validating room: YogaSala
Releasing room BungalowA (UnityEngine.GameObject)
Playing animation location_exit_up then location_enter_up
Playing animation notification
Validating room: map
Playing animation location_exit_up then location_enter_up
Playing animation OpenQuestUI
Playing animation CloseQuestUI
Validating room: Cove
Releasing room BungalowA_Bed (UnityEngine.GameObject)
Playing animation location_exit_up then location_enter_up
Starting conversation 090_InterviewFreyaLuana with myself
Triggered event add=jack, 1
Triggered event add=freya, 3
Playing animation conversation_popout_full
Advancing time: Day 37 ( Day)
Playing animation datetime_flip_up then datetime_flip_down
Validating room: map
Playing animation location_exit_up then location_enter_up
Validating room: Beach
Releasing room SeaHut2 (UnityEngine.GameObject)
Playing animation location_exit_up then location_enter_up
Validating room: Cove
Playing animation location_exit_up then location_enter_up
Validating room: map
Playing animation location_exit_up then location_enter_up
Validating room: HiddenLake
Releasing room Lounge (UnityEngine.GameObject)
Playing animation location_exit_up then location_enter_up
Starting conversation 090_InterviewFreyaLuana with myself
Triggered event add=jack, 1
Triggered event add=freya, 3
Triggered event add=jack, 1
Triggered event add=freya, 3
Triggered event add=rachel, 4
Validating room: Sunbeach
Releasing room RopewaysWaterfall (UnityEngine.GameObject)
Validating room: Sunbeach
Validating room: Sunbeach
Playing animation location_exit_up then location_enter_up
Triggered event remove=rachel
Validating room: Sunbeach_closeup
Releasing room YogaSala (UnityEngine.GameObject)
Validating room: Sunbeach_closeup
Validating room: Sunbeach_closeup
Playing animation location_exit_up then location_enter_up
Triggered event add=jack, 15
Triggered event add=freya, 16
Playing Spine freya_beach_dressup_01
Playing Spine freya_beach_dressup_01
Playing Spine freya_beach_dressup_01
Playing Spine freya_beach_dressup_01
Playing Spine freya_beach_dressup_02
Playing Spine freya_beach_dressup_02
Playing Spine freya_beach_dressup_02
Playing Spine freya_beach_dressup_02
Playing Spine freya_beach_dressup_02
Playing Spine freya_beach_dressup_03
Playing Spine freya_beach_dressup_03
Playing Spine freya_beach_dressup_03
Playing Spine freya_beach_dressup_04
Playing Spine freya_beach_dressup_04
Playing Spine freya_beach_dressup_04
Playing Spine freya_beach_dressup_04
Playing Spine freya_beach_dressup_04
Playing Spine freya_beach_dressup_04
Playing Spine freya_beach_dressup_04
Playing Spine freya_beach_dressup_04
Playing Spine freya_beach_dressup_04
Playing Spine freya_beach_dressup_04
Playing Spine freya_beach_dressup_04
Playing Spine freya_glamshot_swimsuitBeach
Playing Spine freya_glamshot_swimsuitBeach
Playing Spine freya_glamshot_swimsuitBeach
Playing Spine freya_glamshot_swimsuitBeach
Playing Spine freya_glamshot_swimsuitBeach
Validating room: Sunbeach
Validating room: Sunbeach
Validating room: Sunbeach
Playing animation location_exit_up then location_enter_up
Triggered event setblackout=0
Advancing time: Day 37 ( Evening)
Playing animation datetime_flip_up then datetime_flip_down
Triggered event advancetoevening
Triggered event add=jack, 1
Triggered event add=freya, 3
Playing animation QuestNotification
Playing animation hide_during_notification
Invalid animation hide_during_notification
Triggered event triggerquest=interviewfreya_2
Triggered event add=jack, 2
Attempting to call invalid event playsexymusic
Triggered event sfx=emi_singlemoan_02
Triggered event playlocalmusic
Triggered event stopsfx
Triggered event add=jack, 1
Playing animation QuestNotification
Playing animation hide_during_notification
Invalid animation hide_during_notification
Triggered event triggerquest=interviewluana_1
Validating room: Hangar
Releasing room Beach (UnityEngine.GameObject)
Validating room: Hangar
Validating room: Hangar
Playing animation location_exit_up then location_enter_up
Advancing time: Day 37 ( Night)
Playing animation datetime_flip_up then datetime_flip_down
Triggered event advancetime
Triggered event setblackout=0
Triggered event add=luana, 4
Validating room: LuanaRoom
Releasing room Cove (UnityEngine.GameObject)
Validating room: LuanaRoom
Validating room: LuanaRoom
Playing animation location_exit_up then location_enter_up
Triggered event add=jack, 9
Triggered event add=freya, 10
Triggered event add=luana,11
Triggered event setzoom=zoom_in_chair_convo
Triggered event sfx=button_click
Triggered event sfx=button_click
Playing Spine luana_glamshot_lingerieRoom_1_loop
Playing Spine luana_glamshot_lingerieRoom_1_loop
Playing Spine luana_glamshot_lingerieRoom_3
Playing Spine luana_glamshot_lingerieRoom_3
Playing Spine luana_glamshot_lingerieRoom_3
Playing Spine luana_glamshot_lingerieRoom_3
Playing Spine luana_glamshot_lingerieRoom_2
Playing Spine luana_glamshot_lingerieRoom_2
Playing Spine luana_glamshot_lingerieRoom_2_loop
Playing Spine luana_glamshot_lingerieRoom_2_loop
Playing Spine luana_glamshot_lingerieRoom_2
Playing Spine luana_glamshot_lingerieRoom_2
Playing Spine luana_glamshot_lingerieRoom_2
Playing Spine luana_glamshot_lingerieRoom_3
Playing Spine luana_glamshot_lingerieRoom_3_loop
Playing Spine luana_glamshot_lingerieRoom_3_loop
Playing Spine luana_glamshot_lingerieRoom_3_loop
Playing Spine luana_glamshot_lingerieRoom_4
Playing Spine luana_glamshot_lingerieRoom_4_loop
Playing Spine luana_glamshot_lingerieRoom_4_loop
Playing Spine luana_glamshot_lingerieRoom_4_loop
Triggered event add=luana, 6
Triggered event add=jack, 7
Triggered event setzoom=zoom_in_bed_convo
Triggered event add=luana,12
Triggered event add=jack, 13
Triggered event setzoom=zoom_in_bed_convo_zoom_in
Triggered event setzoom=zoom_in_bed_convo_pan_right
Triggered event setzoom=zoom_in_bed_convo_zoom_in
Triggered event setzoom=zoom_in_bed_convo_pan_right
Triggered event setzoom=zoom_in_bed_convo_zoom_in
Triggered event sfx=button_click
Triggered event setzoom=zoom_in_bed_convo_pan_right
Triggered event startspanking=freya_002
Playing Spine 03_slow
Playing Spine 03_slow
Playing Spine 03_slow
Playing Spine 03_slow
Playing Spine 03_slow
Playing Spine 03_slow
Playing Spine 03_slow
Playing Spine 03_slow
Playing Spine 03_slow
Playing Spine 03_slow
Playing Spine 03_slow
Playing Spine 03_slow
Playing Spine 03_slow
Playing Spine 03_slow
Playing Spine 03_slow
Playing Spine 03_slow
Playing Spine 03_slow
Playing Spine 03_slow
Playing Spine 03_slow
Playing Spine 03_slow
Playing Spine 03_slow
Playing Spine 03_slow
Playing Spine 03_slow
Playing Spine 03_slow
Playing Spine 04_fast
Playing Spine 04_fast
Playing Spine 04_fast
Playing Spine 04_fast
Playing Spine 04_fast
Playing Spine 05_climax
Playing Spine 05b_climax_idle
Playing Spine 05b_climax_idle
Playing Spine 05c_slow_climax_after
Playing Spine 05c_slow_climax_after
Playing Spine 05c_slow_climax_after
Playing Spine 05c_slow_climax_after
Playing Spine 05c_slow_climax_after
Playing Spine 05c_slow_climax_after
Playing Spine 05c_slow_climax_after
Playing Spine 05c_slow_climax_after
Playing Spine 05c_slow_climax_after
Playing Spine 05c_slow_climax_after
Playing Spine 05c_slow_climax_after
Playing Spine 05c_slow_climax_after
Triggered event setblackout=-1
Triggered event setzoominstant=zoom_in_mid_bed_chair
Triggered event stopspanking
Triggered event setzoom=zoom_in_mid_bed_chair_pan_left
Triggered event startspanking=freya_luana_001
Playing Spine 01_idle_start
Playing Spine 01_idle_start
Playing Spine 01_idle_start
Playing Spine 01_idle_start
Playing Spine 01_idle_start
Playing Spine 01_idle_start
Playing Spine 01_idle_start
Playing Spine 02a_insert
Playing Spine 02a_insert
Playing Spine 02b_insert_idle
Playing Spine 02b_insert_idle
Playing Spine 02b_insert_idle
Playing Spine 02b_insert_idle
Playing Spine 03_slow
Playing Spine 03_slow
Playing Spine 03_slow
Playing Spine 03_slow
Playing Spine 03_slow
Playing Spine 03_slow
Playing Spine 03_slow
Playing Spine 03_slow
Playing Spine 03_slow
Playing Spine 03_slow
Playing Spine 03_slow
Playing Spine 03_slow
Playing Spine 03_slow
Playing Spine 03_slow
Playing Spine 03_slow
Playing Spine 04_fast
Playing Spine 04_fast
Playing Spine 04_fast
Playing Spine 04_fast
Playing Spine 04_fast
Playing Spine 04_fast
Playing Spine 04_fast
Playing Spine 04_fast
Playing Spine 04_fast
Playing Spine 05a_climax
Playing Spine 05a_climax
Playing Spine 05b_climax_idle
Playing Spine 06a_pullout
Playing Spine 06b_pullout_idle
Playing Spine 06b_pullout_idle
Triggered event advancetonight
Triggered event add=jack, 1
Triggered event add=luana, 2
Triggered event add=freya, 3
Triggered event setzoom=-1
Triggered event stopspanking
Validating room: Airfield
Releasing room HiddenLake (UnityEngine.GameObject)
Validating room: Airfield
Validating room: Airfield
Playing animation location_exit_up then location_enter_up
Triggered event remove=luana
Triggered event add=jack, 1
Triggered event add=freya, 3
Playing animation QuestNotification
Playing animation hide_during_notification
Invalid animation hide_during_notification
Triggered event triggerquest=interviewluana_2
Triggered event add=jack, 2
Triggered event remove=freya
Validating room: Resort
Releasing room Sunbeach_closeup (UnityEngine.GameObject)
Validating room: Resort
Validating room: Resort
Playing animation location_exit_up then location_enter_up
Validating room: BambooPath
Releasing room Sunbeach (UnityEngine.GameObject)
Validating room: BambooPath
Validating room: BambooPath
Playing animation location_exit_up then location_enter_up
Validating room: Gazebo
Character Spine Sit(Clone) destroyed
Character Spine Sit(Clone) destroyed
Releasing room Hangar (UnityEngine.GameObject)
Validating room: Gazebo
Validating room: Gazebo
Playing animation location_exit_up then location_enter_up
Triggered event add=jack, 6
Triggered event add=freya, 7
Character Spine 0dfbfab0f3a0aa6409ff124ec0417b8d destroyed
Validating room: BambooPath
Validating room: BambooPath
Validating room: BambooPath
Playing animation location_exit_up then location_enter_up
Triggered event add=jack, 2
Triggered event add=freya, 3
Triggered event remove=freya
Validating room: Pool
Releasing room LuanaRoom (UnityEngine.GameObject)
Validating room: Pool
Validating room: Pool
Playing animation location_exit_up then location_enter_up
Validating room: Room33
Releasing room Airfield (UnityEngine.GameObject)
Validating room: Room33
Validating room: Room33
Playing animation location_exit_up then location_enter_up
Triggered event add=freya, 1
Triggered event add=jack, 3
Triggered event add=freya, 1
Triggered event add=jack, 3
Character Spine 0dfbfab0f3a0aa6409ff124ec0417b8d destroyed
Validating room: Quadplex
Releasing room Resort (UnityEngine.GameObject)
Validating room: Quadplex
Validating room: Quadplex
Playing animation location_exit_up then location_enter_up
Triggered event add=jack, 2
Triggered event remove=freya
Playing animation conversation_popout_full
Playing animation OpenQuestUI
Validating room: Seahut2
Releasing room Gazebo (UnityEngine.GameObject)
Playing animation location_exit_up then location_enter_up
Starting conversation BasicSleep with myself
Validating room: Seahut2
Triggered event clearfailsafe
Queuing conversation alone_dreams (BrightBit.Conversation)
Triggered event generatedreamflags
Triggered event advancetonight
Starting conversation alone_dreams with myself
Playing animation datetime_flip_up then datetime_flip_down
Triggered event advanceday
Validating room: Seahut2
Playing animation conversation_popout_full
Starting conversation hotfixes with myself
Playing animation conversation_popout_full
Validating room: map
Playing animation location_exit_up then location_enter_up
Playing animation CloseQuestUI
Validating room: Lounge
Releasing room BambooPath (UnityEngine.GameObject)
Playing animation location_exit_up then location_enter_up
Starting conversation 093_InterviewMaria with myself
Triggered event add=jack, 1
Triggered event add=maria, 3
Validating room: Room1
Releasing room Pool (UnityEngine.GameObject)
Validating room: Room1
Validating room: Room1
Playing animation location_exit_up then location_enter_up
Triggered event add=maria, 1
Triggered event add=jack, 3
Triggered event add=maria, 0
Triggered event add=maria, 1
Trying to load minigame: eli_maria_outfit
Triggered event startmg=eli_maria_outfit
Playing animation conversation_popout_full
Successfully loaded minigame: eli_maria_outfit
Validating room: Minigames
Playing animation location_exit_up then location_enter_up
Starting conversation eli_maria_start_flags with myself
Playing animation conversation_popout_full
Playing animation frontend_topleft_enter
Playing animation frontend_topright_enter
Playing animation frontend_topcenter_enter
Invalid animation frontend_topcenter_enter
Playing animation datetime_flip_down
Validating room: Room1
Playing animation location_exit_up then location_enter_up
Starting conversation 094_InterviewMaria2 with myself
Triggered event add=maria, 1
Triggered event add=jack, 3
Validating room: Room1_bedside
Character Spine Sit(Clone) destroyed
Character Spine Sit(Clone) destroyed
Releasing room Room33 (UnityEngine.GameObject)
Validating room: Room1_bedside
Validating room: Room1_bedside
Playing animation location_exit_up then location_enter_up
Triggered event add=maria, 5
Triggered event add=jack, 6
Validating room: Room1
Validating room: Room1
Validating room: Room1
Playing animation location_exit_up then location_enter_up
Triggered event add=maria, 1
Triggered event add=jack, 3
Playing Spine maria_glamshot_lingerie_room_1
Playing Spine maria_glamshot_lingerie_room_2
Playing Spine maria_glamshot_lingerie_room_2
Playing Spine maria_glamshot_lingerie_room_2
Playing Spine maria_glamshot_lingerie_room_2
Playing Spine maria_glamshot_lingerie_room_2
Playing Spine maria_glamshot_lingerie_room_2
Playing Spine maria_glamshot_lingerie_room_2
Playing Spine maria_glamshot_lingerie_room_2
Playing Spine maria_glamshot_lingerie_room_2
Playing Spine maria_glamshot_lingerie_room_2
Playing Spine maria_glamshot_lingerie_room_2
Playing Spine maria_glamshot_lingerie_room_2
Playing Spine maria_glamshot_lingerie_room_2
Playing Spine maria_glamshot_lingerie_room_2
Playing Spine maria_glamshot_lingerie_room_2
Advancing time: Day 38 ( Day)
Playing animation datetime_flip_up then datetime_flip_down
Triggered event advancetime
Triggered event add=maria, 2
Triggered event remove=maria
Triggered event add=maria, 2
Validating room: Balcony
Releasing room Quadplex (UnityEngine.GameObject)
Validating room: Balcony
Validating room: Balcony
Playing animation location_exit_up then location_enter_up
Playing animation QuestNotification
Playing animation hide_during_notification
Invalid animation hide_during_notification
Triggered event triggerquest=interviewmaria_2
Triggered event remove=maria
Triggered event add=jack, 2
Triggered event triggerquest=returncamera_1
Playing animation conversation_popout_full
Playing animation QuestNotification
Playing animation hide_during_notification
Invalid animation hide_during_notification
Playing animation OpenQuestUI
Validating room: map
Playing animation location_exit_up then location_enter_up
Playing animation CloseQuestUI
Advancing time: Day 38 ( Evening)
Playing animation datetime_flip_up then datetime_flip_down
Validating room: Lounge
Playing animation location_exit_up then location_enter_up
Starting conversation 096_ReturnCamera with myself
Triggered event add=jack, 1
Triggered event add=raven, 3
Triggered event loseitem=raven_camera
Playing animation QuestNotification
Playing animation hide_during_notification
Invalid animation hide_during_notification
Triggered event triggerquest=returncamera_2
Triggered event add=jack, 2
Triggered event remove=raven
Triggered event triggerquest=ravenoverlook_1
Playing animation conversation_popout_full
Playing animation QuestNotification
Playing animation hide_during_notification
Invalid animation hide_during_notification
Playing animation OpenQuestUI
Playing animation CloseQuestUI
Advancing time: Day 38 ( Night)
Playing animation datetime_flip_up then datetime_flip_down
Validating room: Seahut2
Playing animation location_exit_up then location_enter_up
Starting conversation BasicSleep with myself
Validating room: Seahut2
Triggered event clearfailsafe
Queuing conversation alone_dreams (BrightBit.Conversation)
Triggered event generatedreamflags
Triggered event advancetonight
Starting conversation alone_dreams with myself
Queuing conversation 097_RavenOverlookSex (BrightBit.Conversation)
Triggered event queueconversation=097_ravenoverlooksex
Starting conversation 097_RavenOverlookSex with myself
Triggered event add=jack, 5
Validating room: ResortBeach
Releasing room Room1_bedside (UnityEngine.GameObject)
Validating room: ResortBeach
Validating room: ResortBeach
Playing animation location_exit_up then location_enter_up
Triggered event add=jack, 2
Validating room: Resort
Releasing room Room1 (UnityEngine.GameObject)
Validating room: Resort
Validating room: Resort
Playing animation location_exit_up then location_enter_up
Triggered event add=raven, 1
Triggered event add=jack, 3
Validating room: Overlook
Releasing room Balcony (UnityEngine.GameObject)
Validating room: Overlook
Validating room: Overlook
Playing animation location_exit_up then location_enter_up
Triggered event add=jack, 3
Triggered event add=raven, 2
Triggered event add=raven,1
Triggered event startspanking=raven_001
Playing Spine raven_interview_leadin_01
Playing Spine raven_interview_leadin_01
Playing Spine raven_interview_leadin_01
Playing Spine raven_interview_leadin_01
Playing Spine raven_interview_leadin_01
Playing Spine raven_interview_leadin_01
Playing Spine raven_interview_leadin_01
Playing Spine raven_interview_leadin_02
Playing Spine raven_interview_leadin_02
Playing Spine raven_interview_leadin_02
Playing Spine raven_interview_leadin_02
Playing Spine raven_interview_leadin_02
Playing Spine raven_interview_leadin_03
Playing Spine raven_interview_leadin_03
Playing Spine raven_interview_leadin_03
Playing Spine raven_interview_leadin_03
Playing Spine raven_interview_leadin_03
Playing Spine raven_interview_leadin_03
Playing Spine raven_interview_leadin_03
Playing Spine raven_interview_leadin_03
Playing Spine raven_interview_leadin_03
Playing Spine raven_interview_leadin_03
Playing Spine raven_interview_leadin_03
Playing Spine raven_interview_leadin_03
Playing Spine raven_interview_leadin_03
Playing Spine raven_interview_leadin_04
Playing Spine raven_interview_leadin_04
Playing Spine raven_interview_leadin_04
Playing Spine raven_interview_leadin_04
Playing Spine raven_interview_leadin_04
Playing Spine raven_interview_leadin_04
Playing Spine raven_interview_leadin_04
Playing Spine raven_interview_leadin_04
Playing Spine raven_interview_leadin_04
Playing Spine 01_idle
Playing Spine 01_idle
Playing Spine 01_idle
Playing Spine 01_idle
Playing Spine 01_idle
Playing Spine 01_idle
Playing Spine 01_idle
Playing Spine 01_idle
Playing Spine 01_idle
Playing Spine 01_idle
Playing Spine 01_idle
Playing Spine 02a_insert
Playing Spine 02b_insert_idle
Playing Spine 02b_insert_idle
Playing Spine 02b_insert_idle
Playing Spine 03c_slow_chest_kiss
Playing Spine 03c_slow_chest_kiss
Playing Spine 03c_slow_chest_kiss
Playing Spine 03c_slow_chest_kiss
Playing Spine 03c_slow_chest_kiss
Playing Spine 03c_slow_chest_kiss
Playing Spine 03c_slow_chest_kiss
Playing Spine 03c_slow_chest_kiss
Playing Spine 03c_slow_chest_kiss
Playing Spine 04_fast
Playing Spine 04_fast
Playing Spine 04_fast
Playing Spine 04_fast
Playing Spine 04_fast
Playing Spine 04_fast
Playing Spine 04_fast
Playing Spine 04_fast
Playing Spine 05a_climax
Playing Spine 05a_climax
Playing Spine 05b_climax_idle
Playing Spine 05b_climax_idle
Playing Spine 06a_pullout
Playing Spine 06b_pullout_idle
Playing Spine 06b_pullout_idle
Triggered event add=jack, 1
Triggered event add=raven, 3
Triggered event stopspanking
Validating room: Hall
Releasing room Lounge (UnityEngine.GameObject)
Validating room: Hall
Validating room: Hall
Playing animation location_exit_up then location_enter_up
Triggered event add=raven, 3
Triggered event add=jack, 2
Validating room: Room23_bedtop
Releasing room SeaHut2 (UnityEngine.GameObject)
Validating room: Room23_bedtop
Validating room: Room23_bedtop
Playing animation location_exit_up then location_enter_up
Character Spine 1969e904cb5207946ba3b6534aa7e006 destroyed
Character Spine cb065e3c69ba5ac43a2ef198a279fc94 destroyed
Triggered event remove=raven
Triggered event remove=jack
Character Spine 1969e904cb5207946ba3b6534aa7e006 destroyed
Validating room: Seahut2
Releasing room ResortBeach (UnityEngine.GameObject)
Validating room: Seahut2
Validating room: Seahut2
Playing animation location_exit_up then location_enter_up
Playing animation datetime_flip_up then datetime_flip_down
Triggered event advanceday
Playing animation QuestNotification
Playing animation hide_during_notification
Invalid animation hide_during_notification
Triggered event triggerquest=ravenoverlook_2
Playing animation conversation_popout_full
Starting conversation hotfixes with myself
Starting conversation story_reminders with myself
Triggered event add=jack, 2
Triggered event sfx=phoneringloop
Triggered event stopsfx
Queuing conversation 099_PromoAdsStart (BrightBit.Conversation)
Triggered event queueconversation=099_promoadsstart
Starting conversation 099_PromoAdsStart with myself
Triggered event add=jack, 2
Triggered event pipflip=raven, 3
Validating room: Lobby
Releasing room Resort (UnityEngine.GameObject)
Validating room: Lobby
Validating room: Lobby
Playing animation location_exit_up then location_enter_up
Triggered event removepip
Triggered event add=jack, 0
Triggered event add=tori, 1
Triggered event add=raven, 3
Triggered event add=scarlett, 4
Character Spine default destroyed
Triggered event pipflip=erik, 2
Triggered event removepip
Playing animation QuestNotification
Playing animation hide_during_notification
Invalid animation hide_during_notification
Triggered event triggerquest=ravenoverlook_3
Character Spine Default destroyed
Triggered event remove=tori
Triggered event add=raven, 2
Triggered event add=scarlett, 3
Triggered event sfx=phoneringloop
Triggered event stopsfx
Triggered event pipflip=rachel, 1
Triggered event setzoom=left
Triggered event add=hunter, 4
Triggered event setzoom=-1
Triggered event removepip
Triggered event add=jack, 1
Character Spine default destroyed
Triggered event add=jack, 2
Triggered event add=raven, 1
Triggered event add=raven,0
Triggered event add=scarlett, 1
Triggered event add=jack, 2
Triggered event setzoom=-1
Validating room: Lobby_desk
Character Spine Default(Clone) destroyed
Character Spine Default(Clone) destroyed
Character Spine Default(Clone) destroyed
Releasing room Overlook (UnityEngine.GameObject)
Validating room: Lobby_desk
Validating room: Lobby_desk
Playing animation location_exit_up then location_enter_up
Triggered event remove=scarlett
Triggered event remove=raven
Triggered event add=olga, 1
Triggered event add=jack, 6
Triggered event add=hunter, 7
Validating room: Lobby
Validating room: Lobby
Validating room: Lobby
Playing animation location_exit_up then location_enter_up
Triggered event remove=olga
Triggered event remove=hunter
Triggered event add=jack, 1
Triggered event add=scarlett, 3
Triggered event add=raven, 4
Triggered event remove=scarlett
Triggered event add=raven, 3
Playing animation QuestNotification
Playing animation hide_during_notification
Invalid animation hide_during_notification
Triggered event triggerquest=mariapromo_1
Triggered event remove=raven
Triggered event add=jack, 2
Triggered event add=olga, 1
Triggered event add=jack, 3
Advancing time: Day 39 ( Day)
Playing animation datetime_flip_up then datetime_flip_down
Triggered event advancetime
Playing animation conversation_popout_full
Playing animation OpenQuestUI
Playing animation CloseQuestUI
Advancing time: Day 39 ( Evening)
Playing animation datetime_flip_up then datetime_flip_down
Advancing time: Day 39 ( Night)
Playing animation datetime_flip_up then datetime_flip_down
Validating room: Seahut2
Playing animation location_exit_up then location_enter_up
Starting conversation BasicSleep with myself
Validating room: Seahut2
Triggered event clearfailsafe
Queuing conversation alone_dreams (BrightBit.Conversation)
Triggered event generatedreamflags
Triggered event advancetonight
Starting conversation alone_dreams with myself
Playing animation datetime_flip_up then datetime_flip_down
Triggered event advanceday
Validating room: Seahut2
Playing animation conversation_popout_full
Starting conversation hotfixes with myself
Starting conversation story_reminders with myself
Triggered event add=jack, 2
Triggered event sfx=phoneringloop
Triggered event stopsfx
Playing animation open_handphone
Triggered event message=maria_promo
Playing animation conversation_popout_full
Starting conversation 099a_MariaPromo with myself
Triggered event closehp
Playing animation QuestNotification
Playing animation hide_during_notification
Invalid animation hide_during_notification
Triggered event triggerquest=mariapromo_2
Playing animation conversation_popout_full
Validating room: map
Playing animation location_exit_up then location_enter_up
Advancing time: Day 40 ( Day)
Playing animation datetime_flip_up then datetime_flip_down
Validating room: Pool
Releasing room Hall (UnityEngine.GameObject)
Playing animation location_exit_up then location_enter_up
Starting conversation 100_MariaPromo2 with myself
Triggered event add=jack, 1
Triggered event add=maria, 3
Validating room: Room1
Releasing room Room23_bedtop (UnityEngine.GameObject)
Validating room: Room1
Validating room: Room1
Playing animation location_exit_up then location_enter_up
Triggered event remove=maria
Triggered event add=maria,3
Validating room: Resort
Releasing room lobby_desk (UnityEngine.GameObject)
Validating room: Resort
Validating room: Resort
Playing animation location_exit_up then location_enter_up
Triggered event setpepinaname
Can't click through because of GenericPrompt
Validating room: Ridge
invalid room Ridge
Triggered event setetname
Can't click through because of EnterCharacterName
Validating room: Wilderness
Releasing room Lobby (UnityEngine.GameObject)
Validating room: Wilderness
Validating room: Wilderness
Playing animation location_exit_up then location_enter_up
Trying to load minigame: color_maria
Triggered event startmg=color_maria
Successfully loaded minigame: color_maria
Validating room: Minigames
Playing animation location_exit_up then location_enter_up
Playing animation conversation_popout_full
Starting conversation 100a_MidSketchMaria with myself
Playing animation conversation_popout_full
Starting conversation 100b_SketchMariaDone with myself
Playing animation conversation_popout_full
Playing animation minigame_complete
Playing animation frontend_topleft_enter
Playing animation frontend_topright_enter
Playing animation frontend_topcenter_enter
Invalid animation frontend_topcenter_enter
Playing animation datetime_flip_down
Validating room: Wilderness
Playing animation location_exit_up then location_enter_up
Starting conversation 101_MariaPromo3 with myself
Triggered event add=jack, 1
Triggered event add=maria, 3
Triggered event unlockpainting=maria_pepina
Triggered event advancetoday
Playing animation notification
Triggered event add=maria,2
Triggered event add=lizard, 4
Triggered event add=maria,1
Triggered event add=jack, 2
Triggered event add=maria, 0
Playing Spine lizardattack_01
Playing Spine lizardattack_01
Triggered event sfx=cape_swoosh_1
Playing Spine lizardattack_02
Playing Spine lizardattack_02
Playing Spine lizardattack_02
Playing Spine lizardattack_02
Triggered event sfx=cape_swoosh_2
Playing Spine lizardattack_03
Playing Spine lizardattack_03
Playing Spine lizardattack_03
Playing Spine lizardattack_04
Playing Spine lizardattack_04
Playing Spine lizardattack_04
Triggered event sfx=sword_swoosh
Playing Spine lizardattack_05
Playing Spine lizardattack_05
Playing Spine lizardattack_05
Triggered event add=jack, 1
Triggered event add=maria, 3
Triggered event remove=lizard
Triggered event add=maria, 2
Triggered event setzoom=left
Triggered event startspanking=maria_001
Playing Spine maria_el_torro_sex_comic_1
Playing Spine maria_el_torro_sex_comic_1
Playing Spine maria_el_torro_sex_comic_1
Playing Spine maria_el_torro_sex_comic_1
Playing Spine maria_el_torro_sex_comic_1
Playing Spine maria_el_torro_sex_comic_1
Playing Spine maria_el_torro_sex_comic_1
Playing Spine maria_el_torro_sex_comic_2
Playing Spine maria_el_torro_sex_comic_2
Playing Spine maria_el_torro_sex_comic_2
Playing Spine maria_el_torro_sex_comic_3
Playing Spine maria_el_torro_sex_comic_3
Playing Spine maria_el_torro_sex_comic_3
Playing Spine maria_el_torro_sex_comic_3
Playing Spine maria_el_torro_sex_comic_3
Playing Spine maria_el_torro_sex_comic_3
Playing Spine maria_el_torro_sex_comic_4
Playing Spine maria_el_torro_sex_comic_4
Playing Spine maria_el_torro_sex_comic_4
Playing Spine maria_el_torro_sex_comic_4
Playing Spine maria_el_torro_sex_comic_4
Playing Spine maria_el_torro_sex_comic_4
Playing Spine 01a_idle
Playing Spine 01a_idle
Playing Spine 01a_idle
Playing Spine 01a_idle
Playing Spine 01a_idle
Playing Spine 01a_idle
Playing Spine 01a_idle
Playing Spine 01a_idle
Playing Spine 01a_idle
Playing Spine 01a_idle
Playing Spine 01a_idle
Playing Spine 01b_idle_kiss
Playing Spine 01b_idle_kiss
Playing Spine 01a_idle
Playing Spine 02_insert
Playing Spine 03_insert_idle
Playing Spine 03_insert_idle
Playing Spine 03_insert_idle
Playing Spine 04a_fuck_slow
Playing Spine 04a_fuck_slow
Playing Spine 04a_fuck_slow
Playing Spine 04a_fuck_slow
Playing Spine 04a_fuck_slow
Playing Spine 04a_fuck_slow
Playing Spine 04a_fuck_slow
Playing Spine 04a_fuck_slow
Playing Spine 04a_fuck_slow
Playing Spine 05a_fuck_fast
Playing Spine 05a_fuck_fast
Playing Spine 05a_fuck_fast
Playing Spine 05a_fuck_fast
Playing Spine 05a_fuck_fast
Playing Spine 05a_fuck_fast
Playing Spine 05a_fuck_fast
Playing Spine 05a_fuck_fast
Playing Spine 05a_fuck_fast
Playing Spine 05a_fuck_fast
Playing Spine 05a_fuck_fast
Playing Spine 05a_fuck_fast
Playing Spine 05a_fuck_fast
Playing Spine 06_cum_inside
Playing Spine 06b_cum_inside_idle
Playing Spine 08_pullout
Playing Spine 09_pullout_idle
Playing Spine 09_pullout_idle
Playing Spine 09_pullout_idle
Playing Spine 09_pullout_idle
Advancing time: Day 40 ( Evening)
Advancing time: Day 40 ( Night)
Playing animation datetime_flip_up then datetime_flip_down
Triggered event advancetonight
Triggered event stopspanking
Validating room: Resort
Validating room: Resort
Validating room: Resort
Playing animation location_exit_up then location_enter_up
Triggered event add=jack, 1
Triggered event add=maria, 3
Triggered event add=maria, 2
Triggered event remove=maria
Triggered event add=maria, 2
Triggered event add=maria, 3
Triggered event add=maria, 4
Triggered event remove=maria
Triggered event remove=maria
Playing animation QuestNotification
Playing animation hide_during_notification
Invalid animation hide_during_notification
Triggered event triggerquest=mariapromo_3
Playing animation conversation_popout_full
Validating room: map
Playing animation location_exit_up then location_enter_up
Validating room: Resort
Playing animation location_exit_up then location_enter_up
Character Spine Sit destroyed
Character Spine Default destroyed
Character Spine Undress destroyed
Character Spine Default destroyed
Character Spine default destroyed
Character Spine dogrun destroyed
Character Spine default destroyed
Character Spine Default destroyed
Character Spine Default destroyed
Character Spine Default destroyed
Character Spine Undress destroyed
Character Spine Sit destroyed
Character Spine Dickchair destroyed
Character Spine default destroyed
Character Spine sit destroyed
Character Spine default destroyed
Character Spine sit destroyed
Character Spine Default destroyed
Character Spine Default destroyed
Character Spine Sit destroyed
Character Spine Kiss_Emi destroyed
Character Spine Kiss_Ryoko destroyed
Character Spine Peck_Olga destroyed
Character Spine Default_holding destroyed
Character Spine Peck_Cath destroyed
Character Spine Peck_Grace destroyed
Character Spine Peck_Gabby destroyed
Character Spine Peck_Jenn destroyed
Character Spine Peck_Mina destroyed
Character Spine Squat destroyed
Character Spine Undress destroyed
Character Spine Hug_Mina destroyed
Character Spine Peck_Rachel destroyed
Character Spine Hug_Rachel destroyed
Character Spine Peck_Misun destroyed
Character Spine Peck_Vivian destroyed
Character Spine fish_success destroyed
Character Spine Default_holding2 destroyed
Character Spine Peck_Reyna destroyed
Character Spine SitFloor destroyed
Character Spine Kiss_Maria destroyed
Character Spine Backface destroyed
Character Spine Peck_Maria destroyed
Character Spine default destroyed
Character Spine default destroyed
Character Spine default destroyed
Character Spine default destroyed
Character Spine sit destroyed
Character Spine Default destroyed
Character Spine Sit destroyed
Character Spine Undress destroyed
Character Spine Default destroyed
Character Spine Default_ForPIP destroyed
Character Spine Backface destroyed
Character Spine default destroyed
Character Spine sit destroyed
Character Spine default destroyed
Character Spine Bow destroyed
Character Spine sit destroyed
Character Spine bendover destroyed
Character Spine default destroyed
Character Spine sit destroyed
Character Spine crouch destroyed
Character Spine default destroyed
Character Spine undress destroyed
Character Spine default destroyed
Character Spine undress destroyed
Character Spine kneel destroyed
Character Spine sit destroyed
Character Spine default destroyed
Character Spine default destroyed
Character Spine sit destroyed
Character Spine default destroyed
Character Spine Undress destroyed
Character Spine Undress2 destroyed
Character Spine default destroyed
Character Spine default destroyed
Character Spine Sit destroyed
Character Spine kneel destroyed
Memory Statistics:
[ALLOC_TEMP_TLS] TLS Allocator
  StackAllocators : 
    [ALLOC_TEMP_MAIN]
      Peak usage frame count: [0-1.0 KB]: 1444 frames, [2.0 KB-4.0 KB]: 1 frames, [8.0 KB-16.0 KB]: 1 frames, [16.0 KB-32.0 KB]: 1615979 frames, [32.0 KB-64.0 KB]: 4738722 frames, [64.0 KB-128.0 KB]: 828880 frames, [128.0 KB-256.0 KB]: 396 frames, [256.0 KB-0.5 MB]: 48406 frames, [2.0 MB-4.0 MB]: 2 frames, [4.0 MB-8.0 MB]: 1 frames
      Initial Block Size 4.0 MB
      Current Block Size 7.8 MB
      Peak Allocated Bytes 7.7 MB
      Overflow Count 1
    [ALLOC_TEMP_Job.Worker 18]
      Initial Block Size 256.0 KB
      Current Block Size 256.0 KB
      Peak Allocated Bytes 66.8 KB
      Overflow Count 0
    [ALLOC_TEMP_Loading.PreloadManager]
      Initial Block Size 256.0 KB
      Current Block Size 508.0 KB
      Peak Allocated Bytes 501.6 KB
      Overflow Count 507
    [ALLOC_TEMP_Background Job.Worker 8]
      Initial Block Size 32.0 KB
      Current Block Size 40.0 KB
      Peak Allocated Bytes 37.0 KB
      Overflow Count 0
    [ALLOC_TEMP_Background Job.Worker 10]
      Initial Block Size 32.0 KB
      Current Block Size 32.0 KB
      Peak Allocated Bytes 11.3 KB
      Overflow Count 0
    [ALLOC_TEMP_Job.Worker 16]
      Initial Block Size 256.0 KB
      Current Block Size 256.0 KB
      Peak Allocated Bytes 65.8 KB
      Overflow Count 0
    [ALLOC_TEMP_Background Job.Worker 6]
      Initial Block Size 32.0 KB
      Current Block Size 40.0 KB
      Peak Allocated Bytes 37.0 KB
      Overflow Count 0
    [ALLOC_TEMP_Job.Worker 4]
      Initial Block Size 256.0 KB
      Current Block Size 256.0 KB
      Peak Allocated Bytes 63.1 KB
      Overflow Count 0
    [ALLOC_TEMP_Job.Worker 17]
      Initial Block Size 256.0 KB
      Current Block Size 256.0 KB
      Peak Allocated Bytes 65.7 KB
      Overflow Count 0
    [ALLOC_TEMP_Job.Worker 14]
      Initial Block Size 256.0 KB
      Current Block Size 256.0 KB
      Peak Allocated Bytes 62.2 KB
      Overflow Count 0
    [ALLOC_TEMP_Job.Worker 3]
      Initial Block Size 256.0 KB
      Current Block Size 256.0 KB
      Peak Allocated Bytes 65.7 KB
      Overflow Count 0
    [ALLOC_TEMP_Background Job.Worker 12]
      Initial Block Size 32.0 KB
      Current Block Size 40.0 KB
      Peak Allocated Bytes 37.0 KB
      Overflow Count 0
    [ALLOC_TEMP_Background Job.Worker 1]
      Initial Block Size 32.0 KB
      Current Block Size 32.0 KB
      Peak Allocated Bytes 10.4 KB
      Overflow Count 0
    [ALLOC_TEMP_AssetGarbageCollectorHelper] x 19
      Initial Block Size 64.0 KB
      Current Block Size 64.0 KB
      Peak Allocated Bytes 0 B
      Overflow Count 0
    [ALLOC_TEMP_Background Job.Worker 5]
      Initial Block Size 32.0 KB
      Current Block Size 32.0 KB
      Peak Allocated Bytes 14.5 KB
      Overflow Count 0
    [ALLOC_TEMP_Background Job.Worker 13]
      Initial Block Size 32.0 KB
      Current Block Size 40.0 KB
      Peak Allocated Bytes 37.0 KB
      Overflow Count 0
    [ALLOC_TEMP_Background Job.Worker 11]
      Initial Block Size 32.0 KB
      Current Block Size 40.0 KB
      Peak Allocated Bytes 37.0 KB
      Overflow Count 0
    [ALLOC_TEMP_Job.Worker 2]
      Initial Block Size 256.0 KB
      Current Block Size 256.0 KB
      Peak Allocated Bytes 66.2 KB
      Overflow Count 0
    [ALLOC_TEMP_Background Job.Worker 3]
      Initial Block Size 32.0 KB
      Current Block Size 32.0 KB
      Peak Allocated Bytes 18.4 KB
      Overflow Count 0
    [ALLOC_TEMP_Background Job.Worker 0]
      Initial Block Size 32.0 KB
      Current Block Size 32.0 KB
      Peak Allocated Bytes 18.4 KB
      Overflow Count 0
    [ALLOC_TEMP_Job.Worker 11]
      Initial Block Size 256.0 KB
      Current Block Size 256.0 KB
      Peak Allocated Bytes 63.9 KB
      Overflow Count 0
    [ALLOC_TEMP_Background Job.Worker 4]
      Initial Block Size 32.0 KB
      Current Block Size 32.0 KB
      Peak Allocated Bytes 18.4 KB
      Overflow Count 0
    [ALLOC_TEMP_BatchDeleteObjects]
      Initial Block Size 64.0 KB
      Current Block Size 64.0 KB
      Peak Allocated Bytes 54 B
      Overflow Count 0
    [ALLOC_TEMP_Job.Worker 6]
      Initial Block Size 256.0 KB
      Current Block Size 256.0 KB
      Peak Allocated Bytes 65.2 KB
      Overflow Count 0
    [ALLOC_TEMP_Job.Worker 0]
      Initial Block Size 256.0 KB
      Current Block Size 256.0 KB
      Peak Allocated Bytes 63.1 KB
      Overflow Count 0
    [ALLOC_TEMP_Background Job.Worker 9]
      Initial Block Size 32.0 KB
      Current Block Size 32.0 KB
      Peak Allocated Bytes 23.9 KB
      Overflow Count 0
    [ALLOC_TEMP_Job.Worker 5]
      Initial Block Size 256.0 KB
      Current Block Size 256.0 KB
      Peak Allocated Bytes 66.7 KB
      Overflow Count 0
    [ALLOC_TEMP_Background Job.Worker 14]
      Initial Block Size 32.0 KB
      Current Block Size 32.0 KB
      Peak Allocated Bytes 14.5 KB
      Overflow Count 0
    [ALLOC_TEMP_Job.Worker 13]
      Initial Block Size 256.0 KB
      Current Block Size 256.0 KB
      Peak Allocated Bytes 66.3 KB
      Overflow Count 0
    [ALLOC_TEMP_EnlightenWorker] x 10
      Initial Block Size 64.0 KB
      Current Block Size 64.0 KB
      Peak Allocated Bytes 54 B
      Overflow Count 0
    [ALLOC_TEMP_Background Job.Worker 15]
      Initial Block Size 32.0 KB
      Current Block Size 40.0 KB
      Peak Allocated Bytes 37.0 KB
      Overflow Count 0
    [ALLOC_TEMP_Background Job.Worker 2]
      Initial Block Size 32.0 KB
      Current Block Size 40.0 KB
      Peak Allocated Bytes 37.0 KB
      Overflow Count 0
    [ALLOC_TEMP_Background Job.Worker 7]
      Initial Block Size 32.0 KB
      Current Block Size 32.0 KB
      Peak Allocated Bytes 23.9 KB
      Overflow Count 0
    [ALLOC_TEMP_UnityGfxDeviceWorker]
      Initial Block Size 256.0 KB
      Current Block Size 256.0 KB
      Peak Allocated Bytes 6.0 KB
      Overflow Count 0
    [ALLOC_TEMP_Job.Worker 9]
      Initial Block Size 256.0 KB
      Current Block Size 256.0 KB
      Peak Allocated Bytes 63.1 KB
      Overflow Count 0
    [ALLOC_TEMP_Job.Worker 8]
      Initial Block Size 256.0 KB
      Current Block Size 256.0 KB
      Peak Allocated Bytes 66.8 KB
      Overflow Count 0
    [ALLOC_TEMP_Job.Worker 7]
      Initial Block Size 256.0 KB
      Current Block Size 256.0 KB
      Peak Allocated Bytes 64.8 KB
      Overflow Count 0
    [ALLOC_TEMP_Job.Worker 1]
      Initial Block Size 256.0 KB
      Current Block Size 256.0 KB
      Peak Allocated Bytes 63.1 KB
      Overflow Count 0
    [ALLOC_TEMP_Job.Worker 10]
      Initial Block Size 256.0 KB
      Current Block Size 256.0 KB
      Peak Allocated Bytes 64.1 KB
      Overflow Count 0
    [ALLOC_TEMP_CloudJob.Worker 0]
      Initial Block Size 32.0 KB
      Current Block Size 32.0 KB
      Peak Allocated Bytes 8.1 KB
      Overflow Count 0
    [ALLOC_TEMP_Job.Worker 15]
      Initial Block Size 256.0 KB
      Current Block Size 256.0 KB
      Peak Allocated Bytes 65.7 KB
      Overflow Count 0
    [ALLOC_TEMP_Job.Worker 12]
      Initial Block Size 256.0 KB
      Current Block Size 256.0 KB
      Peak Allocated Bytes 63.9 KB
      Overflow Count 0
    [ALLOC_TEMP_Loading.AsyncRead]
      Initial Block Size 64.0 KB
      Current Block Size 100.0 KB
      Peak Allocated Bytes 96.2 KB
      Overflow Count 0
[ALLOC_DEFAULT] Dual Thread Allocator
  Peak main deferred allocation count 4130
    [ALLOC_BUCKET]
      Large Block size 4.0 MB
      Used Block count 1
      Peak Allocated bytes 4.0 MB
      Failed Allocations. Bucket layout:
        16B: 3 Subsections = 3072 buckets. Failed count: 16069135
        32B: 11 Subsections = 5632 buckets. Failed count: 23229976
        48B: 28 Subsections = 9557 buckets. Failed count: 9681822
        64B: 178 Subsections = 45568 buckets. Failed count: 470634
        80B: 18 Subsections = 3686 buckets. Failed count: 8304090
        96B: 8 Subsections = 1365 buckets. Failed count: 174730
        112B: 3 Subsections = 438 buckets. Failed count: 1234946
        128B: 7 Subsections = 896 buckets. Failed count: 123613
    [ALLOC_DEFAULT_MAIN]
      Peak usage frame count: [8.0 MB-16.0 MB]: 1449 frames, [16.0 MB-32.0 MB]: 130091 frames, [32.0 MB-64.0 MB]: 5070844 frames, [64.0 MB-128.0 MB]: 2031448 frames
      Requested Block Size 16.0 MB
      Peak Block count 8
      Peak Allocated memory 90.5 MB
      Peak Large allocation bytes 0 B
    [ALLOC_DEFAULT_THREAD]
      Peak usage frame count: [4.0 MB-8.0 MB]: 607 frames, [8.0 MB-16.0 MB]: 145 frames, [16.0 MB-32.0 MB]: 2 frames, [32.0 MB-64.0 MB]: 535 frames, [64.0 MB-128.0 MB]: 35 frames, [128.0 MB-256.0 MB]: 18 frames, [256.0 MB-0.50 GB]: 6579082 frames, [0.50 GB-1.00 GB]: 653408 frames
      Requested Block Size 16.0 MB
      Peak Block count 11
      Peak Allocated memory 0.55 GB
      Peak Large allocation bytes 399.7 MB
[ALLOC_TEMP_JOB_1_FRAME]
  Initial Block Size 2.0 MB
  Used Block Count 1
  Overflow Count (too large) 0
  Overflow Count (full) 0
[ALLOC_TEMP_JOB_2_FRAMES]
  Initial Block Size 2.0 MB
  Used Block Count 1
  Overflow Count (too large) 0
  Overflow Count (full) 0
[ALLOC_TEMP_JOB_4_FRAMES (JobTemp)]
  Initial Block Size 2.0 MB
  Used Block Count 2
  Overflow Count (too large) 0
  Overflow Count (full) 0
[ALLOC_TEMP_JOB_ASYNC (Background)]
  Initial Block Size 1.0 MB
  Used Block Count 25
  Overflow Count (too large) 0
  Overflow Count (full) 0
[ALLOC_GFX] Dual Thread Allocator
  Peak main deferred allocation count 8
    [ALLOC_BUCKET]
      Large Block size 4.0 MB
      Used Block count 1
      Peak Allocated bytes 4.0 MB
      Failed Allocations. Bucket layout:
        16B: 3 Subsections = 3072 buckets. Failed count: 16069135
        32B: 11 Subsections = 5632 buckets. Failed count: 23229976
        48B: 28 Subsections = 9557 buckets. Failed count: 9681822
        64B: 178 Subsections = 45568 buckets. Failed count: 470634
        80B: 18 Subsections = 3686 buckets. Failed count: 8304090
        96B: 8 Subsections = 1365 buckets. Failed count: 174730
        112B: 3 Subsections = 438 buckets. Failed count: 1234946
        128B: 7 Subsections = 896 buckets. Failed count: 123613
    [ALLOC_GFX_MAIN]
      Peak usage frame count: [32.0 KB-64.0 KB]: 802 frames, [64.0 KB-128.0 KB]: 645 frames, [128.0 KB-256.0 KB]: 3 frames, [256.0 KB-0.5 MB]: 1 frames, [0.5 MB-1.0 MB]: 4298 frames, [1.0 MB-2.0 MB]: 1207 frames, [2.0 MB-4.0 MB]: 4654 frames, [4.0 MB-8.0 MB]: 373383 frames, [8.0 MB-16.0 MB]: 5081029 frames, [16.0 MB-32.0 MB]: 1762157 frames, [32.0 MB-64.0 MB]: 5653 frames
      Requested Block Size 16.0 MB
      Peak Block count 3
      Peak Allocated memory 36.2 MB
      Peak Large allocation bytes 0 B
    [ALLOC_GFX_THREAD]
      Peak usage frame count: [1.0 MB-2.0 MB]: 1070 frames, [2.0 MB-4.0 MB]: 15 frames, [4.0 MB-8.0 MB]: 22 frames, [8.0 MB-16.0 MB]: 622492 frames, [16.0 MB-32.0 MB]: 6606325 frames, [32.0 MB-64.0 MB]: 94 frames, [64.0 MB-128.0 MB]: 3814 frames
      Requested Block Size 16.0 MB
      Peak Block count 8
      Peak Allocated memory 125.4 MB
      Peak Large allocation bytes 107.5 MB
[ALLOC_CACHEOBJECTS] Dual Thread Allocator
  Peak main deferred allocation count 172
    [ALLOC_BUCKET]
      Large Block size 4.0 MB
      Used Block count 1
      Peak Allocated bytes 4.0 MB
      Failed Allocations. Bucket layout:
        16B: 3 Subsections = 3072 buckets. Failed count: 16069135
        32B: 11 Subsections = 5632 buckets. Failed count: 23229976
        48B: 28 Subsections = 9557 buckets. Failed count: 9681822
        64B: 178 Subsections = 45568 buckets. Failed count: 470634
        80B: 18 Subsections = 3686 buckets. Failed count: 8304090
        96B: 8 Subsections = 1365 buckets. Failed count: 174730
        112B: 3 Subsections = 438 buckets. Failed count: 1234946
        128B: 7 Subsections = 896 buckets. Failed count: 123613
    [ALLOC_CACHEOBJECTS_MAIN]
      Peak usage frame count: [1.0 MB-2.0 MB]: 810764 frames, [2.0 MB-4.0 MB]: 6423068 frames
      Requested Block Size 4.0 MB
      Peak Block count 1
      Peak Allocated memory 2.7 MB
      Peak Large allocation bytes 0 B
    [ALLOC_CACHEOBJECTS_THREAD]
      Peak usage frame count: [0.5 MB-1.0 MB]: 1048 frames, [1.0 MB-2.0 MB]: 37 frames, [4.0 MB-8.0 MB]: 295 frames, [8.0 MB-16.0 MB]: 50 frames, [16.0 MB-32.0 MB]: 224081 frames, [32.0 MB-64.0 MB]: 7008321 frames
      Requested Block Size 4.0 MB
      Peak Block count 11
      Peak Allocated memory 42.0 MB
      Peak Large allocation bytes 12.0 MB
[ALLOC_TYPETREE] Dual Thread Allocator
  Peak main deferred allocation count 0
    [ALLOC_BUCKET]
      Large Block size 4.0 MB
      Used Block count 1
      Peak Allocated bytes 4.0 MB
      Failed Allocations. Bucket layout:
        16B: 3 Subsections = 3072 buckets. Failed count: 16069135
        32B: 11 Subsections = 5632 buckets. Failed count: 23229976
        48B: 28 Subsections = 9557 buckets. Failed count: 9681822
        64B: 178 Subsections = 45568 buckets. Failed count: 470634
        80B: 18 Subsections = 3686 buckets. Failed count: 8304090
        96B: 8 Subsections = 1365 buckets. Failed count: 174730
        112B: 3 Subsections = 438 buckets. Failed count: 1234946
        128B: 7 Subsections = 896 buckets. Failed count: 123613
    [ALLOC_TYPETREE_MAIN]
      Peak usage frame count: [2.0 KB-4.0 KB]: 802 frames, [4.0 KB-8.0 KB]: 1980 frames, [8.0 KB-16.0 KB]: 27 frames, [16.0 KB-32.0 KB]: 67311 frames, [32.0 KB-64.0 KB]: 7163712 frames
      Requested Block Size 2.0 MB
      Peak Block count 1
      Peak Allocated memory 34.5 KB
      Peak Large allocation bytes 0 B
    [ALLOC_TYPETREE_THREAD]
      Peak usage frame count: [4.0 KB-8.0 KB]: 1384 frames, [8.0 KB-16.0 KB]: 32 frames, [16.0 KB-32.0 KB]: 1 frames, [32.0 KB-64.0 KB]: 27 frames, [64.0 KB-128.0 KB]: 7 frames, [128.0 KB-256.0 KB]: 1 frames, [256.0 KB-0.5 MB]: 1367 frames, [0.5 MB-1.0 MB]: 5236 frames, [1.0 MB-2.0 MB]: 14476 frames, [2.0 MB-4.0 MB]: 38977 frames, [4.0 MB-8.0 MB]: 6238832 frames, [8.0 MB-16.0 MB]: 933492 frames
      Requested Block Size 2.0 MB
      Peak Block count 5
      Peak Allocated memory 8.7 MB
      Peak Large allocation bytes 0 B
